DRIUD,ADIDU,PopTotAge,Pop0_14,Pop15_64,Pop65plus,TotalLog,MaisonIndiv,MaisonJumulee,MaisonRangee,AppartDuplex,AppartMoins5E,Appart5EtPlus,AutreMaisonIndivAttenante,LogementMobile,TotalMenag,Menage1pers,Menage2pers,Menage3pers,Menage4pers,Menage5pPlus,RevMedMenage,PopTotMFRApI,PopTotMFR,PopTotMFRPct,TotalMenag2,Proprietaire,Locataire,TotalLog2,Log1960ouAv,Log1961_80,Log1981_90,Log1991_00,Log2001_05,Log2006_10,Log2011_15,Log2016_21,ValeurMedLog,ValeurMoyLog,LoyerMedian,LoyerMoyen
2440,24400052 (AD) (24400052) (00919),215,25,135,60,115,105,0,0,5,0,0,0,0,110,50,40,10,10,5,,,,,110,105,0,110,50,15,10,10,0,10,15,0,200000,192000,,
2440,24400023 (AD) (24400023) (00000),525,100,275,150,235,200,0,0,25,0,0,0,5,235,75,110,15,20,20,53600,525,105,20.4,235,195,40,235,130,30,30,0,0,10,15,15,150000,170000,685,660
2440,24400024 (AD) (24400024) (00000),525,75,300,145,220,200,5,0,0,20,0,0,0,220,55,95,35,20,15,63200,500,80,16.4,210,180,25,210,75,70,40,0,0,20,0,0,200000,204000,,520
2440,24400025 (AD) (24400025) (00000),385,65,230,90,175,150,0,0,0,20,0,5,5,175,65,65,15,15,15,57600,385,75,19,185,150,35,185,95,30,25,0,20,0,0,0,150000,208000,556,520
2440,24400050 (AD) (24400050) (00000),495,95,265,130,205,180,0,0,5,20,0,0,5,210,60,90,20,20,20,60400,475,65,13.6,205,180,25,205,110,35,15,15,0,10,10,0,180000,212000,,600
2440,24400051 (AD) (24400051) (00000),555,130,325,95,225,195,5,0,5,20,0,0,5,225,65,80,30,35,25,69500,555,70,13.2,230,190,40,230,95,30,20,20,15,40,10,0,190000,220000,,660
2440,24400048 (AD) (24400048) (00000),505,110,295,105,200,190,0,0,0,10,0,0,5,205,45,85,20,30,15,76000,505,40,8.4,205,185,20,205,70,75,35,10,0,10,10,0,200000,256000,,600
2440,24400049 (AD) (24400049) (00000),450,90,255,105,195,175,0,0,10,0,0,0,5,195,55,80,20,25,15,69000,445,65,14.8,195,165,25,195,65,60,25,20,0,10,0,10,200000,218000,,1600
2440,24400027 (AD) (24400027) (00000),595,85,345,175,280,200,5,5,5,70,0,0,5,285,90,125,35,20,15,66500,595,75,13.2,315,220,95,315,15,125,70,65,15,15,15,10,180000,210000,532,500
2440,24400028 (AD) (24400028) (00000),610,45,185,375,235,145,0,0,10,80,0,0,5,240,100,100,20,10,5,48800,440,70,16,235,155,85,235,0,180,0,15,10,0,20,10,150000,160000,580,610
2440,24400029 (AD) (24400029) (00000),465,85,205,180,265,55,0,5,30,170,0,0,0,270,165,65,10,10,10,32800,445,180,40.4,285,70,220,285,35,145,55,25,15,0,0,10,166000,165000,504,532
2440,24400030 (AD) (24400030) (00000),520,85,295,145,250,120,5,0,65,65,0,0,0,245,95,95,20,20,15,54400,510,95,18.4,210,125,85,210,95,115,0,0,0,0,0,0,130000,136000,528,550
2440,24400031 (AD) (24400031) (00000),550,75,305,165,300,95,0,0,120,90,0,0,0,300,150,90,30,20,10,42000,545,135,24.8,285,115,175,285,205,60,0,10,0,0,0,0,125000,128000,572,592
2440,24400032 (AD) (24400032) (00030),835,80,330,425,405,110,5,0,80,200,0,5,0,400,225,120,30,15,10,39600,680,170,25,395,125,275,395,180,130,10,20,10,0,20,35,150000,160000,568,612
2440,24400033 (AD) (24400033) (00000),480,70,255,150,270,100,5,5,80,80,0,5,0,270,140,80,20,15,5,41600,480,125,26,270,115,150,270,155,95,10,0,0,0,0,0,130000,132000,508,520
2440,24400034 (AD) (24400034) (00000),610,65,350,195,340,155,0,0,40,140,0,0,0,340,165,115,30,20,10,43200,610,150,25.2,335,155,175,335,110,165,25,0,0,0,20,0,125000,164000,544,580
2440,24400035 (AD) (24400035) (00000),375,35,190,145,190,120,10,0,25,35,0,0,0,190,65,95,15,15,5,55600,375,50,13.6,190,150,40,190,35,120,25,10,0,0,0,0,155000,160000,572,580
2440,24400036 (AD) (24400036) (00000),550,110,285,150,225,200,0,0,25,0,0,0,0,225,60,90,30,30,20,70000,545,50,8.4,225,190,40,225,50,125,0,30,0,10,10,0,150000,174000,720,680
2440,24400037 (AD) (24400037) (00000),565,75,325,160,270,260,0,0,0,10,0,0,0,270,85,125,25,25,10,58400,560,80,14.6,290,265,30,290,65,105,35,50,15,0,15,0,200000,210000,604,680
2440,24400039 (AD) (24400039) (00000),410,65,240,105,180,145,0,0,25,10,0,0,0,175,60,65,20,20,10,51600,380,85,22,165,115,50,165,120,30,0,0,0,10,0,0,120000,128000,528,580
2440,24400040 (AD) (24400040) (00000),530,100,290,140,260,105,0,0,65,85,0,0,0,255,115,90,20,15,15,48000,515,130,24.8,250,105,145,250,160,70,10,0,0,0,0,0,111000,128000,572,630
2440,24400026 (AD) (24400026) (00000),435,65,230,130,195,180,0,0,0,5,0,0,5,190,45,95,20,20,10,64500,435,45,11.2,195,175,25,195,30,130,10,25,0,0,0,0,174000,178000,,560
2440,24400038 (AD) (24400038) (00000),420,60,245,120,190,180,5,0,5,0,0,0,5,195,50,100,15,25,10,71500,420,50,12,195,175,20,195,100,60,10,10,10,0,0,0,184000,202000,,700
2440,24400041 (AD) (24400041) (00000),455,70,270,115,215,165,0,0,5,10,0,0,30,210,70,90,30,20,10,59200,455,65,14.4,210,175,35,210,75,105,20,0,0,0,0,0,145000,145000,472,520
2440,24400042 (AD) (24400042) (00000),490,80,310,100,200,195,0,0,0,0,0,0,0,200,50,85,20,30,20,73500,490,55,12,210,180,25,210,100,60,0,25,0,0,15,0,180000,204000,,720
2440,24400043 (AD) (24400043) (00000),395,45,230,120,195,135,0,5,15,30,0,0,0,190,70,75,25,10,10,62800,395,45,11.6,190,155,40,190,125,45,10,10,0,0,0,0,174000,196000,620,600
2440,24400044 (AD) (24400044) (00000),475,65,280,130,255,85,5,5,35,120,0,0,0,255,135,75,25,20,10,46400,475,105,21.6,265,120,145,265,155,45,30,30,0,0,0,0,174000,204000,524,560
2440,24400045 (AD) (24400045) (00000),390,60,205,120,180,115,5,0,25,35,0,5,0,180,70,65,10,15,10,54800,360,60,16,170,120,50,170,65,65,0,10,0,15,0,0,176000,200000,544,540
2440,24400046 (AD) (24400046) (00000),450,85,245,120,190,160,0,0,15,5,0,5,0,190,55,80,10,25,15,60800,440,65,14.4,185,145,40,185,100,55,15,0,10,0,10,0,200000,224000,536,520
2440,24400047 (AD) (24400047) (00000),370,65,210,100,170,135,10,5,15,10,0,0,0,170,55,70,20,20,10,68500,370,45,12.8,165,135,30,165,80,50,10,20,0,0,0,0,180000,204000,,600
2441,24410060 (AD) (24410060) (00000),345,55,225,65,150,145,0,0,0,0,0,0,0,145,40,65,20,15,10,69500,345,40,12,155,140,15,155,75,30,10,20,0,0,20,0,180000,244000,,
2441,24410061 (AD) (24410061) (00000),330,35,210,85,165,150,5,0,0,15,0,0,0,170,70,65,15,10,10,44000,330,85,26.8,180,130,50,180,80,50,30,10,10,0,0,0,170000,192000,476,520
2441,24410063 (AD) (24410063) (00000),315,45,165,115,165,160,0,0,0,5,0,0,0,165,65,75,10,5,10,56800,320,60,19,175,160,15,175,75,30,10,10,10,15,25,0,170000,244000,,500
2441,24410064 (AD) (24410064) (00000),805,145,470,195,360,305,5,5,20,30,0,0,0,365,120,155,35,25,30,54000,795,175,22.2,365,270,95,365,155,75,55,20,10,25,15,10,145000,184000,512,580
2441,24410062 (AD) (24410062) (00000),700,100,410,190,320,300,10,0,0,5,0,0,5,315,110,130,30,25,25,53600,695,150,21.6,290,260,30,290,145,45,45,35,20,0,0,0,196000,230000,,640
2441,24410055 (AD) (24410055) (00000),695,135,430,125,280,205,5,0,15,50,0,0,0,280,70,105,35,40,30,71500,695,75,10.8,280,200,80,280,105,45,30,30,15,10,25,15,226000,240000,588,620
2441,24410056 (AD) (24410056) (00000),525,80,305,145,230,80,5,0,30,115,0,0,0,230,95,70,30,15,10,48000,470,115,25.2,230,85,140,230,110,85,10,15,0,0,0,0,200000,196000,600,600
2441,24410057 (AD) (24410057) (00000),620,120,405,95,260,190,5,0,15,30,0,5,20,260,75,95,30,40,20,72500,620,65,10.8,250,195,60,250,75,70,35,15,20,20,0,10,200000,216000,680,580
2441,24410058 (AD) (24410058) (00000),525,90,285,145,235,185,5,0,20,20,0,0,0,235,70,110,20,20,15,57600,520,80,16,235,175,65,235,135,50,10,15,0,10,10,0,200000,224000,616,640
2441,24410059 (AD) (24410059) (00000),525,95,320,110,225,155,20,0,25,20,0,0,0,225,75,80,25,25,20,60800,515,105,20.8,230,145,80,230,135,60,15,10,0,0,15,0,174000,164000,524,650
2441,24410069 (AD) (24410069) (00000),685,125,460,100,270,235,0,0,10,5,0,0,20,275,65,110,35,40,25,79000,685,40,5.8,260,215,50,260,50,70,40,45,10,35,0,0,200000,260000,665,800
2441,24410070 (AD) (24410070) (00000),610,135,375,95,240,210,10,0,5,0,0,0,5,235,55,95,35,40,25,89000,610,55,9.6,255,225,30,255,70,30,60,60,20,15,0,0,280000,278000,624,720
2441,24410071 (AD) (24410071) (00000),550,90,320,135,220,215,0,0,0,5,0,0,0,220,50,95,35,25,20,79000,550,20,3.6,220,185,35,220,80,90,25,15,0,0,0,0,276000,300000,,560
2441,24410072 (AD) (24410072) (00000),605,95,335,170,230,195,5,0,10,30,0,0,0,235,75,80,25,30,20,70000,555,65,11.6,235,180,45,235,105,70,30,0,15,10,0,0,206000,256000,560,660
2441,24410073 (AD) (24410073) (00000),570,110,345,115,220,170,5,0,20,20,0,5,0,220,50,90,35,20,30,75000,570,45,8.4,210,180,35,210,85,35,45,15,10,0,10,0,260000,286000,632,950
2441,24410074 (AD) (24410074) (00000),885,205,545,140,345,280,10,0,25,25,0,0,0,345,70,140,55,55,30,94000,875,65,7.6,345,275,70,345,25,95,20,25,25,35,80,35,348000,400000,800,840
2441,24410075 (AD) (24410075) (00000),860,165,565,125,355,285,5,0,15,35,0,5,10,350,90,140,45,55,30,89000,860,65,7.4,350,310,45,350,65,115,20,35,30,35,30,25,260000,282000,512,560
2441,24410076 (AD) (24410076) (00000),1050,265,645,145,390,350,5,0,15,20,0,0,0,395,80,135,55,75,45,88000,1050,80,7.6,400,340,65,400,50,135,35,15,35,55,30,50,300000,300000,850,780
2441,24410047 (AD) (24410047) (00000),440,80,280,75,200,130,10,0,40,20,0,0,0,200,75,60,35,20,10,68000,440,50,12,205,155,45,205,85,60,20,0,0,0,0,25,170000,188000,472,600
2441,24410048 (AD) (24410048) (00000),530,85,300,140,265,110,0,0,10,145,0,0,0,265,115,85,35,25,10,52400,530,105,20,270,120,145,270,65,120,35,25,0,10,0,10,200000,224000,564,580
2441,24410049 (AD) (24410049) (00000),540,85,290,165,220,135,0,0,60,25,0,0,0,220,75,85,30,15,15,61600,470,65,13.2,230,155,65,230,140,65,15,0,0,0,0,0,200000,184000,532,540
2441,24410050 (AD) (24410050) (00000),620,120,375,120,260,185,5,0,35,30,0,5,0,255,75,90,35,40,20,73500,615,35,6,265,230,40,265,115,55,30,10,10,0,35,10,200000,212000,560,640
2441,24410051 (AD) (24410051) (00000),670,145,415,110,275,185,15,5,40,25,0,5,5,270,75,105,40,35,20,72500,670,70,10.4,255,190,65,255,145,25,10,0,15,20,20,20,200000,212000,552,660
2441,24410052 (AD) (24410052) (00000),500,95,300,110,240,110,0,0,80,40,0,10,0,240,110,70,30,20,15,48000,490,115,24,250,135,115,250,185,55,10,0,0,0,0,0,140000,160000,516,630
2441,24410053 (AD) (24410053) (00000),550,75,280,195,195,110,0,0,30,50,0,0,0,195,55,90,25,15,10,58400,435,55,12.8,180,90,90,180,75,45,25,10,0,0,15,15,174000,160000,624,740
2441,24410046 (AD) (24410046) (00000),605,130,375,105,230,220,0,0,10,0,0,0,5,235,45,90,40,40,20,83000,605,55,8.8,240,215,30,240,90,70,10,10,0,25,15,15,260000,300000,,760
2441,24410054 (AD) (24410054) (00000),490,105,290,95,190,180,5,0,5,0,0,0,5,190,40,70,30,30,20,76500,485,50,10.8,185,160,20,185,30,55,45,20,0,15,10,15,240000,246000,,950
2441,24410045 (AD) (24410045) (00000),610,115,350,150,265,250,0,0,5,10,0,0,0,265,75,125,30,15,25,70000,615,95,15.4,245,225,20,245,115,40,35,20,0,25,0,0,200000,230000,,800
2441,24410068 (AD) (24410068) (00000),635,140,405,95,250,230,10,10,10,0,0,0,0,255,65,95,35,35,25,65500,640,110,17.6,275,225,55,275,130,65,35,10,15,10,10,0,186000,198000,592,620
2441,24410065 (AD) (24410065) (00919),190,25,125,40,85,90,0,0,0,0,0,0,0,85,25,35,10,10,5,,,,,70,65,0,70,0,20,15,15,15,0,0,0,135000,144000,,
2441,24410066 (AD) (24410066) (00000),460,55,280,125,230,190,0,0,20,15,0,0,5,230,95,85,25,20,10,50400,460,95,21.2,250,200,45,250,150,45,35,15,0,0,0,0,115000,130000,640,600
2441,24410067 (AD) (24410067) (00000),455,65,255,135,220,200,0,10,0,5,0,0,5,220,85,85,25,20,5,54800,455,85,18,210,185,25,210,75,70,25,10,10,0,10,15,200000,188000,,480
2441,24410037 (AD) (24410037) (00000),455,60,250,150,210,170,5,0,10,20,0,0,0,205,60,105,25,5,15,55200,440,75,17.5,220,160,55,220,100,70,10,15,0,0,10,10,150000,196000,564,560
2441,24410038 (AD) (24410038) (00000),835,95,460,275,405,385,5,0,5,0,0,0,10,405,140,195,30,25,25,59200,835,135,16,370,320,45,370,80,90,50,65,25,30,15,10,190000,214000,650,560
2441,24410039 (AD) (24410039) (00000),450,65,270,110,225,165,5,0,25,25,0,5,0,225,90,90,20,10,15,51200,450,90,19.6,225,180,45,225,100,75,20,0,0,20,0,0,145000,172000,564,640
2441,24410040 (AD) (24410040) (00000),480,65,225,185,240,110,0,0,40,90,0,0,0,240,130,70,10,15,10,42400,425,110,26,265,130,135,265,155,45,30,20,0,0,10,0,125000,142000,544,540
2441,24410041 (AD) (24410041) (00000),455,70,260,120,210,190,0,0,0,5,0,0,10,210,65,95,25,20,10,61200,455,60,13.6,215,195,15,215,55,70,30,25,10,0,10,15,160000,176000,,1000
2441,24410042 (AD) (24410042) (00000),495,80,305,105,225,205,0,0,5,10,0,0,0,225,65,100,20,25,15,67000,500,70,14.4,240,215,25,240,145,25,10,15,25,10,0,0,186000,202000,,720
2441,24410043 (AD) (24410043) (00000),655,90,380,185,315,305,0,0,5,10,0,0,0,320,120,130,30,30,15,65000,655,90,13.8,300,255,40,300,105,105,0,30,20,15,10,10,220000,242000,604,580
2441,24410044 (AD) (24410044) (00000),605,115,370,125,260,225,0,5,0,30,0,0,0,255,70,100,35,30,20,75500,605,80,12.4,255,220,35,255,95,60,20,15,20,15,0,25,250000,292000,584,440
2442,24420092 (AD) (24420092) (00020),420,80,240,100,185,160,0,5,0,20,0,0,0,190,65,70,25,20,10,75500,425,30,8,150,115,35,150,30,60,15,15,10,0,0,10,300000,312000,765,680
2442,24420093 (AD) (24420093) (00000),655,120,410,130,260,235,10,0,5,5,0,0,0,260,45,115,40,40,20,87000,655,40,6.4,265,235,30,265,50,125,35,10,10,20,15,0,250000,266000,,560
2442,24420094 (AD) (24420094) (00000),405,60,280,70,165,155,5,0,0,5,0,0,0,165,40,75,15,20,15,86000,405,25,5.6,180,160,20,180,35,50,45,40,0,0,0,0,276000,276000,,560
2442,24420095 (AD) (24420095) (00000),650,135,420,95,265,230,5,0,15,10,0,0,0,265,60,105,35,40,20,90000,650,35,6,270,250,20,270,50,80,35,25,15,0,15,40,300000,304000,,500
2442,24420096 (AD) (24420096) (00000),875,170,555,155,345,285,5,0,45,10,0,0,0,345,70,140,40,55,30,93000,875,55,6.2,355,305,50,355,25,130,70,50,20,10,10,35,348000,376000,600,560
2442,24420072 (AD) (24420072) (00000),530,90,300,135,210,190,10,0,10,10,0,0,0,210,55,90,30,25,10,68500,495,60,12,215,180,40,215,45,65,30,30,20,20,10,0,226000,260000,468,440
2442,24420073 (AD) (24420073) (00000),760,175,485,100,290,250,10,5,15,15,0,0,0,290,70,105,40,50,30,88000,760,45,6.2,290,250,40,290,60,50,45,45,15,25,45,10,300000,280000,616,640
2442,24420074 (AD) (24420074) (00000),400,85,240,75,175,95,10,10,30,25,0,0,0,175,55,70,20,20,10,71000,400,30,7.6,175,110,65,175,20,75,40,10,10,10,10,0,246000,228000,765,800
2442,24420075 (AD) (24420075) (00000),780,150,500,135,340,245,15,5,10,65,0,0,0,340,90,145,50,35,25,81000,780,65,8.4,335,235,100,335,55,80,40,35,10,15,50,55,300000,290000,670,650
2442,24420067 (AD) (24420067) (00000),960,145,570,245,425,405,5,0,10,0,0,0,5,425,120,190,45,35,30,100000,960,45,4.6,465,430,35,465,35,125,75,45,55,35,50,45,552000,700000,,900
2442,24420068 (AD) (24420068) (00000),795,150,490,145,320,300,10,0,5,5,0,0,0,325,70,140,40,50,25,113000,795,35,4,325,290,35,325,25,90,25,40,20,65,45,15,400000,444000,,900
2442,24420069 (AD) (24420069) (00000),855,215,520,125,345,305,10,0,10,15,0,0,5,345,100,115,55,40,35,100000,855,55,6.6,315,285,35,315,35,55,25,40,15,45,70,25,388000,404000,,640
2442,24420070 (AD) (24420070) (00000),1065,290,645,135,385,305,15,5,25,30,0,0,0,385,75,135,65,60,45,95000,1050,75,7,365,300,65,365,20,105,40,50,25,55,45,25,348000,336000,860,840
2442,24420071 (AD) (24420071) (00000),915,180,615,120,360,315,5,5,20,20,0,5,0,360,70,145,65,65,25,98000,920,75,7.8,365,310,55,365,60,75,30,45,30,25,35,75,300000,352000,710,760
2442,24420054 (AD) (24420054) (00000),630,105,375,150,280,240,0,0,15,25,0,0,0,280,85,120,35,25,20,76500,630,45,6.6,280,230,45,280,55,95,50,35,10,20,0,10,286000,286000,552,520
2442,24420055 (AD) (24420055) (00000),710,90,410,210,300,285,5,0,10,0,0,0,0,305,60,155,35,35,15,99000,690,60,8.4,300,265,35,300,85,70,45,30,20,20,15,20,376000,548000,384,400
2442,24420065 (AD) (24420065) (00000),650,125,375,150,295,245,5,0,15,20,0,0,0,295,100,115,20,30,20,68000,650,85,13,280,245,35,280,110,30,25,30,30,10,40,0,280000,356000,234,400
2442,24420064 (AD) (24420064) (00000),615,115,385,125,285,205,10,0,25,40,0,0,0,280,105,100,30,25,20,62800,615,55,9.6,275,195,75,275,80,80,35,40,0,20,10,0,226000,236000,660,660
2442,24420066 (AD) (24420066) (00000),625,115,390,120,255,220,5,0,15,15,0,0,5,250,65,110,25,25,30,68000,625,75,11.6,255,200,55,255,85,90,15,20,20,15,10,0,204000,262000,500,560
2442,24420057 (AD) (24420057) (00000),385,65,255,70,165,140,5,0,0,25,0,0,0,170,50,65,20,25,10,94000,385,15,4.5,165,135,30,165,0,40,70,50,0,0,0,0,200000,228000,705,760
2442,24420058 (AD) (24420058) (00000),405,65,240,105,215,105,0,0,5,105,0,5,0,220,95,80,15,10,10,49200,405,85,21.6,215,110,105,215,35,145,15,10,0,0,0,0,180000,196000,440,450
2442,24420059 (AD) (24420059) (00000),390,50,225,120,205,70,0,0,20,105,0,5,0,200,100,70,20,10,10,56400,365,60,16.5,205,75,130,205,65,90,20,25,0,0,0,0,190000,195000,616,670
2442,24420060 (AD) (24420060) (00000),400,60,215,130,205,60,0,0,10,125,0,0,5,205,110,60,20,10,5,39200,355,120,33,210,70,145,210,25,150,20,15,0,0,0,0,180000,185000,428,430
2442,24420061 (AD) (24420061) (00000),550,90,350,115,260,145,5,0,20,80,0,5,0,260,100,95,25,30,15,68000,550,45,7.6,260,165,95,260,65,85,30,15,15,20,20,10,250000,262000,600,590
2442,24420056 (AD) (24420056) (00000),495,70,295,130,220,145,0,0,10,20,0,0,40,220,70,90,25,25,20,71500,495,50,9.6,235,215,25,235,45,115,30,10,15,15,0,0,200000,224000,,1100
2442,24420062 (AD) (24420062) (00000),535,85,300,145,245,205,10,0,10,15,0,0,0,240,70,100,35,30,10,73000,535,35,6.8,240,200,40,240,55,70,30,25,20,30,10,0,250000,280000,584,560
2442,24420063 (AD) (24420063) (00000),455,70,275,115,195,180,5,0,0,5,0,5,0,195,55,85,20,20,10,63200,450,60,13.6,200,190,15,200,60,65,35,15,0,10,0,10,250000,314000,,
2442,24420053 (AD) (24420053) (00909),140,25,90,30,70,50,0,0,10,10,0,0,0,70,25,30,10,0,5,,,,,75,60,20,75,40,30,0,0,0,0,0,0,200000,200000,,560
2442,24420049 (AD) (24420049) (00000),670,115,410,150,260,250,10,0,5,0,0,0,0,260,50,115,25,35,25,82000,665,75,11.2,260,245,20,260,100,75,10,25,20,20,15,0,250000,328000,,500
2442,24420052 (AD) (24420052) (00000),430,65,255,110,180,175,0,0,0,0,0,0,0,180,40,90,15,20,15,70000,425,45,10,165,155,0,165,85,40,10,10,0,0,0,10,250000,272000,,
2442,24420051 (AD) (24420051) (00000),435,70,240,125,185,175,0,0,0,0,0,0,5,185,45,80,20,20,10,79000,425,60,13.2,190,170,20,190,65,50,0,20,10,30,20,0,280000,344000,,850
2442,24420076 (AD) (24420076) (00000),510,105,310,95,220,170,15,0,15,20,0,5,0,220,60,90,25,35,10,75500,510,50,9.6,210,180,35,210,75,60,20,10,10,10,25,10,200000,210000,,520
2442,24420077 (AD) (24420077) (00000),675,75,300,300,260,80,15,0,30,130,0,5,0,260,125,85,30,15,10,50000,480,145,29.2,250,110,140,250,125,40,20,20,0,0,15,30,170000,216000,628,620
2442,24420078 (AD) (24420078) (00000),450,105,275,70,185,115,5,0,25,35,0,0,0,190,55,65,30,25,15,73000,450,35,7.2,185,140,50,185,115,40,0,0,0,15,0,0,190000,196000,524,520
2442,24420080 (AD) (24420080) (00000),390,55,255,80,220,65,15,0,50,90,0,0,0,225,110,75,20,15,0,47200,395,90,22.8,220,65,150,220,140,55,10,10,0,0,0,0,155000,165000,552,630
2442,24420081 (AD) (24420081) (00000),380,50,225,105,200,75,5,0,50,65,0,5,0,200,90,60,35,10,5,50000,385,75,20,195,95,100,195,115,45,25,10,0,0,0,0,200000,204000,584,610
2442,24420082 (AD) (24420082) (00000),435,70,275,90,215,90,0,0,70,50,0,0,0,215,85,70,30,10,10,61600,435,40,9.6,195,105,90,195,125,45,0,0,0,0,0,0,184000,180000,564,580
2442,24420083 (AD) (24420083) (00000),430,65,210,150,170,65,0,10,40,60,0,0,0,165,75,55,15,15,10,51600,340,55,16,170,70,95,170,95,30,25,0,0,0,0,0,160000,160000,584,610
2442,24420084 (AD) (24420084) (00000),470,80,300,85,220,130,10,0,30,35,0,15,0,220,80,80,20,20,15,63600,470,50,10.8,225,140,90,225,115,45,25,30,0,0,0,0,200000,216000,528,540
2442,24420085 (AD) (24420085) (00000),510,110,325,75,190,180,0,0,5,5,0,0,0,195,25,85,35,30,20,100000,510,20,3.6,195,185,10,195,10,80,60,0,20,15,10,0,240000,242000,,
2442,24420086 (AD) (24420086) (00000),560,105,330,125,245,150,0,0,15,70,0,0,5,240,60,115,25,30,15,73000,560,45,7.8,265,190,70,265,50,75,45,50,10,10,15,10,200000,224000,636,640
2442,24420097 (AD) (24420097) (00000),485,100,275,105,240,110,0,0,40,85,0,0,0,240,105,80,20,15,15,52000,485,95,20.4,245,130,115,245,105,65,35,15,0,0,10,0,186000,224000,492,520
2442,24420087 (AD) (24420087) (00000),515,95,345,80,215,180,5,0,15,10,0,0,5,215,55,85,25,30,10,75000,515,65,12.8,195,180,15,195,45,100,30,10,0,0,0,0,250000,272000,,700
2442,24420088 (AD) (24420088) (00000),480,85,295,100,195,170,0,0,15,5,0,0,0,190,50,70,30,20,20,79500,480,30,6.8,200,180,20,200,70,80,25,10,15,0,0,0,200000,236000,,640
2442,24420099 (AD) (24420099) (00000),680,150,410,115,290,225,10,0,15,40,0,5,0,285,85,105,35,45,20,81000,680,50,7.6,290,245,50,290,50,90,45,15,10,15,30,25,300000,278000,580,620
2442,24420042 (AD) (24420042) (00000),485,95,290,100,215,120,5,10,20,60,0,0,0,215,70,80,30,20,20,64000,485,65,14,205,140,70,205,65,50,20,20,10,10,25,10,200000,232000,620,640
2442,24420043 (AD) (24420043) (00000),485,55,260,170,230,90,5,0,40,95,0,0,0,230,95,85,25,15,10,48400,445,95,21.6,250,115,125,250,130,65,30,15,0,0,0,0,174000,184000,552,560
2442,24420044 (AD) (24420044) (00000),485,65,330,90,290,65,25,0,35,165,0,0,0,285,165,85,10,15,5,41600,480,160,33,280,95,195,280,185,45,10,20,0,0,0,0,150000,172000,540,620
2442,24420045 (AD) (24420045) (00000),505,100,280,115,225,155,10,5,15,40,0,0,0,225,80,80,20,30,15,54000,505,70,13.2,230,155,75,230,140,40,20,0,10,10,0,0,184000,196000,524,600
2442,24420046 (AD) (24420046) (00000),440,65,285,95,230,80,0,5,15,120,0,0,0,230,100,70,30,20,5,50800,440,95,22,220,80,135,220,75,90,20,25,0,0,0,0,200000,240000,600,600
2442,24420047 (AD) (24420047) (00000),470,55,245,165,245,115,5,10,30,80,0,0,0,250,110,95,15,20,5,55600,470,70,15.2,235,130,110,235,105,70,10,20,0,15,0,10,200000,200000,508,560
2442,24420050 (AD) (24420050) (00000),395,45,220,130,180,75,30,0,60,20,0,0,0,175,75,65,15,15,5,54800,345,60,18,185,125,60,185,155,20,0,0,0,0,0,0,160000,180000,540,560
2442,24420090 (AD) (24420090) (00000),645,105,420,115,280,260,0,0,10,5,0,0,5,280,70,130,30,35,15,85000,645,60,9.2,295,275,20,295,35,85,30,40,20,20,30,30,300000,316000,,500
2442,24420091 (AD) (24420091) (00000),495,95,325,80,210,195,0,0,5,15,0,0,0,215,55,90,35,20,20,72000,495,65,13.2,195,165,30,195,90,40,20,10,10,10,0,0,200000,228000,436,400
2442,24420040 (AD) (24420040) (00000),530,45,205,280,150,150,0,0,5,0,0,0,0,150,35,65,20,20,5,64000,350,65,18,155,120,35,155,80,25,20,10,10,0,10,0,200000,288000,,600
2442,24420041 (AD) (24420041) (00000),580,120,350,110,225,215,0,0,5,0,0,0,5,225,45,90,35,25,30,80000,580,45,8,235,215,20,235,55,75,35,25,15,0,15,20,200000,274000,,440
2442,24420048 (AD) (24420048) (00000),470,60,295,115,210,190,5,5,5,10,0,0,5,210,55,100,25,15,15,70000,470,50,11.2,200,175,25,200,85,50,25,10,0,0,0,10,250000,280000,,800
2443,24430011 (AD) (24430011) (00000),535,65,270,205,240,220,0,0,0,20,0,0,0,240,70,120,15,20,15,67000,515,45,9.2,235,205,30,235,20,195,20,0,0,0,0,0,200000,208000,670,640
2443,24430012 (AD) (24430012) (00000),670,145,425,95,295,85,10,40,15,145,0,0,0,290,130,70,35,20,35,53200,670,175,25.8,295,100,190,295,30,170,70,15,0,10,0,0,226000,240000,624,670
2443,24430013 (AD) (24430013) (00000),685,75,440,165,410,10,0,0,25,370,0,0,0,415,240,125,20,10,15,41200,690,195,28.4,415,100,315,415,55,135,70,60,50,35,10,0,176000,176000,645,660
2443,24430014 (AD) (24430014) (00000),490,60,310,120,285,55,5,0,35,175,0,10,0,280,150,80,25,15,10,42000,490,130,26,280,60,215,280,85,120,35,20,0,10,10,0,250000,230000,616,632
2443,24430015 (AD) (24430015) (00000),455,50,310,95,255,50,5,0,65,130,0,0,0,260,130,85,20,15,10,47600,455,100,21.6,245,90,150,245,120,90,10,15,0,0,0,0,250000,240000,655,730
2443,24430016 (AD) (24430016) (00000),405,60,270,80,245,25,0,0,55,165,0,0,0,245,155,65,10,10,10,41600,405,125,31.2,260,60,200,260,135,75,25,10,10,10,10,0,174000,185000,670,670
2443,24430017 (AD) (24430017) (00000),360,40,250,70,205,20,0,5,55,115,0,15,0,205,110,60,20,10,0,39200,355,90,26,220,60,165,220,135,40,15,15,10,0,0,10,240000,230000,675,690
2443,24430018 (AD) (24430018) (00000),385,40,245,100,230,25,0,0,70,130,0,0,0,230,130,65,20,5,5,42800,385,100,25.2,245,50,195,245,145,80,0,15,0,0,0,0,200000,195000,604,645
2443,24430019 (AD) (24430019) (00010),380,30,235,110,250,15,0,0,25,210,0,0,0,255,165,55,15,5,5,36800,385,130,34.5,225,35,195,225,70,95,35,10,0,0,0,0,,190000,604,650
2443,24430020 (AD) (24430020) (00000),295,80,210,5,110,0,0,0,0,110,0,0,0,115,35,30,20,10,20,37600,295,140,47,105,0,100,105,25,50,20,0,0,0,0,0,,,396,450
2443,24430021 (AD) (24430021) (00000),395,20,305,70,280,0,0,0,0,280,0,0,0,280,195,70,10,5,5,30200,395,170,43.6,280,20,265,280,15,150,35,20,15,15,0,30,,280000,592,600
2443,24430022 (AD) (24430022) (00000),800,115,465,220,380,250,5,0,0,120,0,0,0,375,140,150,30,35,20,60400,800,105,13.2,370,250,110,370,25,305,15,10,0,0,0,10,230000,224000,588,650
2443,24430023 (AD) (24430023) (00000),650,75,435,140,425,10,0,0,0,415,0,0,0,430,280,100,20,15,10,30400,650,305,46.8,445,40,405,445,45,300,55,30,0,10,0,0,202000,280000,584,602
2443,24430024 (AD) (24430024) (00000),1720,220,1030,470,745,5,0,0,0,740,0,0,0,750,355,255,65,45,35,55200,1410,285,20.4,805,35,775,805,30,135,70,75,60,135,165,140,,160000,810,804
2443,24430025 (AD) (24430025) (00000),820,135,535,145,425,70,0,30,0,330,0,0,0,425,215,130,40,25,25,46800,815,185,22.6,445,100,345,445,30,165,110,75,30,15,15,0,224000,280000,700,688
2443,24430026 (AD) (24430026) (00000),645,145,380,115,275,120,0,15,0,140,0,0,0,270,85,95,35,35,25,68500,645,115,18.4,275,120,160,275,10,55,70,60,20,10,45,0,270000,292000,655,620
2443,24430027 (AD) (24430027) (00000),725,95,495,130,425,25,0,0,0,400,0,0,0,425,255,105,35,15,15,39600,725,220,30.2,450,30,415,450,30,210,55,70,65,10,15,0,278000,400000,628,664
2443,24430028 (AD) (24430028) (00919),240,20,175,45,160,0,0,0,0,160,0,0,0,155,95,50,5,5,0,,,,,140,20,125,140,20,55,35,25,0,0,0,0,,240000,660,610
2443,24430029 (AD) (24430029) (00019),375,35,215,125,215,30,0,0,70,110,0,0,0,215,125,70,10,5,10,40800,355,120,33.5,160,55,105,160,75,50,0,0,0,0,20,0,200000,200000,690,740
2443,24430030 (AD) (24430030) (00000),320,25,200,95,170,75,0,0,40,45,0,0,0,170,85,55,15,15,10,48000,320,60,19,170,105,70,170,100,55,0,0,0,0,0,0,200000,228000,596,620
2443,24430031 (AD) (24430031) (00000),535,65,295,175,310,55,5,0,80,175,0,0,0,315,175,85,30,10,5,42800,530,135,25.2,325,110,215,325,175,70,0,20,0,30,15,10,200000,192000,628,705
2443,24430032 (AD) (24430032) (00000),435,45,250,135,250,50,0,0,65,125,0,10,0,245,145,60,20,20,5,38400,410,105,26.4,235,95,140,235,190,40,0,0,0,0,0,0,200000,200000,592,670
2443,24430033 (AD) (24430033) (00000),460,65,265,130,240,50,0,0,60,130,0,0,0,240,125,70,15,20,5,46000,435,90,20.4,230,70,160,230,155,65,0,15,0,0,0,0,276000,280000,608,650
2443,24430034 (AD) (24430034) (00000),840,25,345,465,380,25,15,0,40,285,0,15,0,380,275,80,15,5,5,33600,525,185,35.2,385,40,345,385,170,125,25,40,25,0,0,0,224000,220000,572,580
2443,24430035 (AD) (24430035) (00000),470,60,305,110,260,40,0,0,75,140,5,0,0,260,130,85,20,10,10,45200,470,95,20.4,270,105,165,270,195,40,20,0,0,0,0,0,250000,244000,705,735
2443,24430036 (AD) (24430036) (00000),515,35,395,80,345,15,0,0,30,300,0,0,0,345,230,80,20,5,10,32400,515,210,40,355,40,310,355,155,60,25,20,15,20,55,0,200000,190000,544,580
2443,24430037 (AD) (24430037) (00000),585,40,225,320,305,10,5,15,30,240,0,0,0,310,230,55,5,10,5,31400,450,150,33.5,335,50,290,335,95,60,10,0,0,0,0,145,166000,210000,1780,1640
2443,24430038 (AD) (24430038) (00010),435,35,360,45,260,5,10,0,15,230,0,0,0,260,135,80,30,5,0,38000,435,155,35.5,215,30,185,215,150,20,15,20,0,0,0,0,,320000,645,640
2443,24430039 (AD) (24430039) (00000),565,55,420,90,375,0,0,10,10,290,60,0,0,370,255,85,25,5,10,29200,550,260,47.2,365,20,350,365,225,60,55,15,0,0,10,0,,280000,552,588
2443,24430040 (AD) (24430040) (00000),410,5,310,95,265,0,0,0,10,255,0,0,0,265,200,45,10,5,5,24800,365,175,48,270,15,255,270,135,70,30,15,0,0,0,0,,280000,624,632
2443,24430041 (AD) (24430041) (00000),410,25,300,80,265,0,0,5,5,255,0,0,0,265,200,50,15,5,5,29800,365,175,48,285,10,275,285,170,50,10,25,0,0,0,15,,,600,608
2443,24430042 (AD) (24430042) (00010),745,35,665,45,555,0,0,0,10,405,135,0,0,550,405,120,20,0,5,35600,735,260,35.2,535,30,500,535,350,100,10,30,15,25,0,0,,240000,616,632
2443,24430043 (AD) (24430043) (00000),865,45,505,315,450,15,15,10,30,375,0,0,0,445,295,105,30,5,5,40400,675,215,31.6,465,100,365,465,335,55,35,10,10,15,0,0,250000,272000,568,606
2443,24430044 (AD) (24430044) (00000),610,45,510,50,200,25,5,5,20,140,0,0,0,205,115,55,10,15,10,51200,370,65,17.5,210,45,170,210,175,20,0,0,0,0,0,0,348000,420000,680,740
2443,24430045 (AD) (24430045) (00000),390,50,265,80,180,55,25,0,20,80,0,0,0,180,70,65,15,15,10,82000,380,25,7.2,175,65,110,175,155,10,0,0,0,0,0,0,348000,400000,780,780
2443,24430046 (AD) (24430046) (00909),285,15,95,170,65,15,15,0,0,30,0,0,0,65,30,20,10,5,5,,,,,65,30,30,65,50,0,0,0,0,0,0,0,286000,400000,,640
2443,24430047 (AD) (24430047) (00000),355,65,240,45,180,35,5,0,20,120,0,0,0,180,75,60,25,15,5,57600,355,60,18,195,70,125,195,100,70,20,0,0,0,0,0,200000,220000,670,700
2443,24430048 (AD) (24430048) (00000),445,65,295,80,225,65,25,0,10,120,0,0,0,220,105,60,25,25,5,72000,435,55,12.8,220,70,150,220,150,35,25,0,0,0,0,0,320000,380000,750,780
2443,24430049 (AD) (24430049) (00000),900,35,250,615,370,20,5,0,5,270,80,0,0,370,255,90,15,5,5,44000,525,125,23.2,335,155,180,335,100,45,140,30,0,0,0,20,200000,224000,576,690
2443,24430050 (AD) (24430050) (00000),450,60,305,85,220,50,5,0,25,135,0,0,0,225,110,55,30,15,10,59600,410,55,13.2,225,80,145,225,135,70,10,0,0,0,0,0,324000,360000,730,730
2443,24430051 (AD) (24430051) (00000),555,90,360,105,285,80,25,5,15,170,0,0,0,285,130,90,30,30,5,60400,550,75,14,265,95,170,265,180,60,20,0,0,0,0,0,400000,370000,720,715
2443,24430052 (AD) (24430052) (00000),650,55,245,350,190,45,15,0,15,115,0,0,0,190,80,65,20,10,10,66500,375,20,5,185,75,105,185,25,30,90,35,0,10,0,0,348000,420000,830,900
2443,24430053 (AD) (24430053) (00000),410,65,250,90,185,110,10,0,40,25,0,0,0,180,65,65,20,25,10,90000,410,25,6,195,145,55,195,130,60,0,0,0,0,0,0,348000,350000,840,840
2443,24430054 (AD) (24430054) (00000),760,115,450,185,305,200,0,0,10,90,0,0,0,310,70,130,35,40,25,88000,745,60,8,295,195,105,295,70,165,20,25,10,0,0,0,340000,352000,820,860
2443,24430055 (AD) (24430055) (00000),480,65,300,120,275,85,0,0,15,170,0,0,0,275,150,80,20,15,5,45600,475,115,24.8,275,110,165,275,90,130,10,10,0,10,15,15,286000,272000,670,620
2443,24430057 (AD) (24430057) (00000),525,65,295,160,275,150,0,0,20,105,0,0,0,275,125,95,25,25,10,62000,525,70,13.6,280,160,115,280,75,160,20,0,10,0,0,0,250000,264000,650,660
2443,24430058 (AD) (24430058) (00000),375,30,200,145,195,55,0,0,20,85,35,0,0,195,110,55,15,5,5,50800,325,55,17,185,55,125,185,30,95,50,10,0,0,0,0,256000,280000,665,710
2443,24430059 (AD) (24430059) (00000),405,45,270,90,255,15,0,0,25,215,0,0,0,255,150,70,25,5,5,40800,405,110,27.6,240,40,200,240,105,115,10,0,0,0,0,0,324000,300000,675,680
2443,24430060 (AD) (24430060) (00000),420,35,270,115,270,10,5,0,5,260,0,0,0,275,165,80,15,5,5,42800,420,95,22.8,265,45,220,265,10,120,70,25,10,10,15,15,276000,400000,685,700
2443,24430061 (AD) (24430061) (00000),400,15,260,125,270,0,0,0,0,165,105,0,0,275,175,75,15,10,0,43200,400,105,26.4,260,0,255,260,15,175,35,15,0,10,0,0,,,680,725
2443,24430064 (AD) (24430064) (00000),800,25,275,500,545,5,0,20,0,295,220,0,0,540,320,205,10,10,0,45200,800,160,20,560,155,405,560,25,85,230,60,50,65,40,0,236000,244000,750,924
2443,24430066 (AD) (24430066) (00000),1405,100,535,775,670,130,0,0,0,455,85,0,0,670,320,260,45,25,15,54400,1170,155,13,670,360,310,670,0,75,185,205,95,75,30,0,174000,225000,850,1310
2443,24430067 (AD) (24430067) (00000),995,65,405,525,395,65,10,15,15,285,0,0,0,390,175,155,35,20,10,61200,725,75,10,400,140,255,400,15,55,45,65,90,60,65,0,220000,232000,920,990
2443,24430069 (AD) (24430069) (00000),995,185,555,260,525,10,40,0,10,470,0,0,0,525,265,150,50,35,25,44800,995,270,27.2,520,70,445,520,50,130,80,120,85,40,20,0,250000,300000,765,820
2443,24430070 (AD) (24430070) (00000),705,95,490,120,405,15,0,0,0,395,0,0,0,405,215,115,35,20,10,46400,705,200,28.2,395,20,375,395,30,150,110,40,25,30,0,10,,400000,710,748
2443,24430071 (AD) (24430071) (00000),580,70,340,170,330,0,5,30,5,290,0,0,0,330,165,110,25,15,10,51600,580,105,18.4,330,25,300,330,40,80,50,55,60,10,40,0,,240000,800,820
2443,24430072 (AD) (24430072) (00000),2115,260,1160,700,1050,85,80,65,5,800,10,0,0,1050,395,440,105,70,45,70000,2115,240,11.4,1080,345,730,1080,45,165,65,190,125,190,100,200,300000,342000,1040,1148
2443,24430073 (AD) (24430073) (00000),840,35,440,365,535,0,0,0,0,355,180,0,0,535,275,230,25,10,5,54000,840,145,17.2,515,110,400,515,10,150,85,125,45,20,30,50,300000,312000,765,856
2443,24430074 (AD) (24430074) (00000),575,85,365,120,320,0,5,60,0,250,0,0,0,320,165,90,40,15,10,55200,575,90,15.4,305,140,170,305,0,40,90,155,10,0,0,0,170000,188000,780,800
2443,24430075 (AD) (24430075) (00000),930,145,500,295,415,150,90,20,0,70,90,0,0,420,115,195,40,40,30,105000,930,40,4.6,425,350,75,425,0,70,175,55,65,25,10,20,400000,494000,800,720
2443,24430077 (AD) (24430077) (00000),470,75,285,115,195,140,10,25,0,25,0,0,0,195,45,80,35,20,15,104000,470,25,4.8,190,160,25,190,30,135,10,10,0,0,0,0,300000,318000,,800
2443,24430078 (AD) (24430078) (00000),515,75,290,150,210,210,0,0,0,0,0,0,0,215,40,100,35,35,5,123000,515,15,2.4,220,220,0,220,35,110,70,0,0,0,0,0,348000,392000,,
2443,24430079 (AD) (24430079) (00000),390,70,250,65,150,130,0,0,10,10,0,0,0,150,35,50,30,25,10,108000,390,10,2.8,150,130,15,150,110,30,0,0,0,0,0,0,280000,284000,,900
2443,24430080 (AD) (24430080) (00000),360,60,195,95,130,130,0,0,0,0,0,0,0,130,15,60,25,20,10,137000,360,10,1.6,125,120,0,125,25,70,15,10,0,0,0,0,400000,420000,,
2443,24430081 (AD) (24430081) (00000),775,150,470,145,300,195,10,20,20,55,0,0,0,300,55,120,55,55,20,115000,775,30,3.4,305,230,80,305,35,160,25,40,25,0,10,15,376000,388000,850,920
2443,24430082 (AD) (24430082) (00000),370,55,225,90,155,110,0,35,5,0,0,0,0,160,50,55,15,30,10,96000,370,25,6.8,160,140,20,160,0,90,45,20,0,0,0,0,320000,325000,,800
2443,24430083 (AD) (24430083) (00000),425,45,275,105,220,40,10,0,15,155,0,0,0,220,95,75,30,10,10,62800,410,40,10,215,90,125,215,55,90,50,0,0,0,0,15,250000,268000,580,710
2443,24430084 (AD) (24430084) (00000),855,85,435,325,440,155,5,0,25,255,0,0,0,435,200,165,30,30,20,50000,835,110,13,435,185,250,435,90,210,100,20,0,0,0,0,250000,282000,645,695
2443,24430085 (AD) (24430085) (00000),390,45,275,75,200,60,0,0,30,105,0,0,0,200,80,75,20,15,5,50400,375,95,24.8,230,90,145,230,100,70,40,25,0,0,0,0,250000,268000,700,700
2443,24430086 (AD) (24430086) (00000),570,85,415,70,280,45,5,0,40,185,0,0,0,280,130,90,25,10,20,44000,555,170,31.2,285,50,230,285,115,115,10,25,0,0,10,0,210000,185000,628,660
2443,24430087 (AD) (24430087) (00000),750,80,575,95,430,10,0,0,15,210,195,0,0,430,250,115,25,20,20,39200,755,255,33.6,435,30,410,435,95,80,90,75,20,50,25,0,,190000,720,720
2443,24430088 (AD) (24430088) (01020),400,25,325,45,270,20,0,0,30,215,0,5,0,265,185,65,5,10,5,31000,385,150,39,200,30,175,200,100,50,20,30,0,0,0,0,,120000,584,600
2443,24430089 (AD) (24430089) (00000),2115,255,1270,595,1090,335,10,105,0,640,0,0,0,1085,450,420,100,75,45,73000,2115,225,10.5,1095,485,610,1095,35,95,115,70,95,115,125,445,348000,460000,1000,1068
2443,24430091 (AD) (24430091) (00000),580,95,380,105,255,180,0,0,5,65,0,0,0,255,80,90,30,30,20,81000,580,45,7.6,230,175,50,230,10,10,130,60,10,0,0,10,250000,256000,770,740
2443,24430092 (AD) (24430092) (00000),275,15,165,85,165,15,0,0,0,150,0,0,0,165,85,55,10,10,0,52000,275,45,16.5,170,65,110,170,0,40,40,60,0,10,10,0,160000,200000,770,790
2443,24430094 (AD) (24430094) (00000),460,55,295,110,225,120,5,0,5,100,0,0,0,230,85,90,15,20,5,61600,460,50,10.8,220,125,95,220,0,150,25,25,0,0,0,0,240000,256000,675,700
2443,24430119 (AD) (24430119) (00000),595,90,380,125,280,135,15,25,5,95,0,0,0,280,100,110,30,25,15,65500,595,50,9.2,295,180,120,295,25,80,95,25,15,25,0,35,286000,314000,780,820
2443,24430120 (AD) (24430120) (00000),460,105,265,90,180,165,0,0,5,5,0,0,0,175,40,70,25,20,25,89000,460,25,6,180,160,15,180,35,110,10,20,0,0,0,0,250000,258000,,900
2443,24430121 (AD) (24430121) (00000),580,105,395,80,245,95,10,25,15,100,0,0,0,245,105,70,25,25,30,57600,580,140,24,240,100,140,240,45,135,15,20,10,10,0,10,250000,256000,628,620
2443,24430122 (AD) (24430122) (00010),590,70,465,55,320,45,5,0,5,265,0,0,0,320,145,120,30,15,10,41600,590,165,28.4,310,50,260,310,30,145,85,25,15,0,0,0,240000,240000,650,640
2443,24430123 (AD) (24430123) (00000),455,70,230,160,175,175,0,0,0,0,0,0,0,175,40,85,10,20,20,93000,435,10,2.4,175,170,0,175,25,140,10,0,0,0,0,0,280000,294000,,
2443,24430124 (AD) (24430124) (00000),535,85,380,70,280,90,0,0,5,185,0,0,0,275,130,90,25,25,5,44400,530,160,30,290,105,180,290,40,175,20,25,10,10,0,10,276000,304000,632,616
2443,24430125 (AD) (24430125) (00000),505,85,325,90,190,165,0,0,15,10,0,0,0,190,50,70,20,20,30,84000,495,40,8.8,180,150,25,180,50,95,15,0,10,0,0,0,250000,268000,,600
2443,24430126 (AD) (24430126) (00000),480,30,360,95,210,110,5,0,35,55,0,0,0,210,80,75,25,15,15,62800,450,75,16,225,115,110,225,75,105,0,10,10,0,0,10,250000,224000,685,900
2443,24430127 (AD) (24430127) (00010),560,50,465,45,275,90,0,0,30,160,0,0,0,280,125,85,30,20,10,48000,530,130,24.4,280,90,190,280,70,120,35,35,10,0,0,0,250000,272000,675,740
2443,24430128 (AD) (24430128) (00000),595,45,495,50,355,60,0,0,40,255,5,0,0,360,205,100,30,20,5,37600,600,210,35.2,355,85,270,355,80,145,40,45,30,15,0,0,160000,192000,600,628
2443,24430129 (AD) (24430129) (01010),695,20,490,190,350,35,5,0,10,305,0,0,0,350,215,95,25,10,5,31200,540,220,40.4,330,30,305,330,40,110,70,45,30,20,10,0,,280000,700,715
2443,24430130 (AD) (24430130) (00000),465,40,375,55,270,65,0,0,40,155,0,0,0,270,135,90,30,10,5,47600,460,100,21.2,225,80,145,225,105,85,15,0,10,0,10,0,184000,196000,665,690
2443,24430131 (AD) (24430131) (00000),335,30,260,45,190,25,0,0,40,120,0,0,0,190,90,70,15,10,0,45200,335,70,22,215,55,160,215,100,55,30,25,0,0,0,0,250000,240000,645,650
2443,24430132 (AD) (24430132) (00000),470,30,175,270,320,0,0,0,0,80,240,0,0,320,200,100,10,5,5,44000,470,100,22,340,65,270,340,10,55,95,85,10,0,55,30,150000,165000,830,930
2443,24430133 (AD) (24430133) (00000),410,50,285,75,225,50,40,0,25,110,0,0,0,220,100,80,15,15,5,60000,405,60,15.2,215,105,105,215,175,25,15,0,0,0,0,0,186000,212000,680,690
2443,24430134 (AD) (24430134) (00000),295,25,215,50,160,25,0,0,65,75,0,0,0,165,80,55,15,5,5,46000,290,70,23,165,50,115,165,90,20,25,20,0,10,0,0,240000,230000,628,700
2443,24430135 (AD) (24430135) (00000),420,40,315,65,235,50,0,0,60,115,0,0,0,235,130,65,20,15,10,48800,420,70,17,245,75,165,245,115,90,0,15,0,0,0,0,184000,250000,500,576
2443,24430136 (AD) (24430136) (00000),620,50,340,235,270,30,0,0,60,185,0,0,0,270,165,70,20,15,5,39600,455,145,31.6,260,80,185,260,150,40,15,30,10,10,0,0,250000,280000,532,576
2443,24430137 (AD) (24430137) (00000),885,145,650,95,460,0,0,0,5,395,65,0,0,465,235,135,35,25,30,38000,885,350,39.4,480,15,465,480,60,225,95,70,15,10,0,0,,,665,684
2443,24430138 (AD) (24430138) (00000),380,50,250,85,220,5,0,0,0,175,40,0,0,225,130,70,15,10,5,38000,380,130,34.5,225,0,220,225,25,150,20,25,0,0,0,0,,,645,655
2443,24430139 (AD) (24430139) (00010),535,55,435,35,300,0,0,0,0,295,5,0,0,295,150,95,25,10,10,40000,530,150,28.4,270,10,265,270,50,90,40,40,10,10,15,10,,,685,680
2443,24430147 (AD) (24430147) (00000),745,150,520,75,375,30,5,0,30,315,0,0,0,380,195,115,20,20,25,42400,745,205,27.2,395,60,340,395,50,135,85,35,15,10,0,65,250000,240000,650,652
2443,24430148 (AD) (24430148) (00000),425,30,345,45,275,5,0,0,0,265,0,0,0,280,150,100,20,0,0,40000,425,155,36,240,10,230,240,25,125,40,25,10,20,0,0,,,588,576
2443,24430149 (AD) (24430149) (00000),455,70,300,90,230,60,0,0,45,125,0,0,0,235,95,95,20,10,15,50000,455,95,20.4,235,60,175,235,95,125,0,0,0,0,0,0,200000,170000,655,680
2443,24430150 (AD) (24430150) (00000),1035,140,805,90,570,35,15,40,30,450,0,0,0,570,290,180,55,30,20,54000,1040,195,18.8,590,75,515,590,50,80,90,55,25,15,95,175,200000,210000,780,808
2443,24430151 (AD) (24430151) (00000),440,50,330,65,260,40,0,0,75,145,0,0,0,260,145,75,20,20,5,40400,440,140,31.6,260,65,190,260,130,90,15,10,0,0,0,10,210000,230000,576,596
2443,24430152 (AD) (24430152) (00000),540,60,400,80,310,45,0,0,100,165,0,0,0,315,165,105,20,15,5,45200,540,130,23.6,330,85,245,330,165,105,30,20,0,0,0,0,230000,248000,670,665
2443,24430153 (AD) (24430153) (00000),480,55,365,55,275,15,5,0,60,200,0,0,0,275,150,80,20,10,15,44000,480,145,29.6,270,55,220,270,160,90,15,0,0,0,0,0,224000,250000,584,604
2443,24430154 (AD) (24430154) (00000),620,95,295,235,260,5,0,0,20,200,35,0,0,260,155,65,15,10,20,27600,470,245,51.2,255,15,240,255,105,45,75,20,0,0,0,0,,200000,520,572
2443,24430155 (AD) (24430155) (00000),510,55,360,90,325,20,0,0,25,285,0,0,0,325,215,75,15,5,15,29600,510,235,45.6,325,35,290,325,190,100,15,10,0,0,0,0,200000,220000,556,564
2443,24430156 (AD) (24430156) (00000),475,45,325,100,290,20,0,0,50,215,0,0,0,290,165,80,30,10,0,40400,470,120,26,300,50,250,300,190,85,15,10,0,0,0,0,200000,210000,624,650
2443,24430157 (AD) (24430157) (00000),805,130,540,140,435,40,5,0,65,325,0,0,0,440,265,100,30,20,25,36400,800,230,28.8,455,95,365,455,160,125,70,15,10,40,25,0,250000,264000,584,584
2443,24430158 (AD) (24430158) (00000),450,75,290,85,240,45,5,0,65,130,0,0,0,245,125,80,15,20,5,46800,455,105,23.2,240,80,160,240,155,55,25,0,10,0,0,0,200000,250000,596,608
2443,24430159 (AD) (24430159) (00000),385,75,255,50,180,70,0,0,80,30,0,0,0,185,75,60,20,15,5,57200,380,60,15.6,200,90,110,200,110,60,10,0,0,0,10,0,200000,192000,636,640
2443,24430160 (AD) (24430160) (00000),500,50,380,70,295,10,5,0,40,240,0,0,0,300,185,70,20,15,10,40000,485,120,25.2,315,40,275,315,220,40,15,25,0,10,0,0,210000,240000,604,645
2443,24430161 (AD) (24430161) (00000),605,95,435,75,355,25,5,0,30,295,0,0,0,355,210,90,25,20,10,38000,600,215,35.6,330,50,275,330,160,80,15,0,0,0,0,55,200000,210000,620,616
2443,24430162 (AD) (24430162) (00000),560,40,365,150,370,10,5,0,25,320,0,5,0,370,235,90,15,15,5,42000,560,150,26.8,365,65,305,365,180,80,25,25,0,25,30,0,400000,380000,588,655
2443,24430163 (AD) (24430163) (00000),455,60,305,90,235,35,30,5,25,135,0,0,0,230,110,80,25,15,0,59200,425,80,19.2,240,65,175,240,180,30,15,10,0,0,0,0,400000,390000,660,685
2443,24430164 (AD) (24430164) (00000),430,65,295,75,225,20,30,25,20,130,0,0,0,225,120,55,20,25,10,60400,425,65,14.4,235,85,150,235,185,30,10,0,0,0,0,0,300000,312000,655,690
2443,24430165 (AD) (24430165) (00000),530,60,355,120,290,75,10,0,25,180,0,0,0,295,145,90,30,20,5,65000,530,90,16.8,300,95,210,300,170,60,30,0,10,0,10,15,400000,385000,685,765
2443,24430166 (AD) (24430166) (00000),430,50,325,55,235,50,0,0,40,145,0,0,0,235,130,60,15,25,10,46400,430,75,17.5,245,75,165,245,115,95,15,20,0,0,0,0,280000,280000,588,715
2443,24430167 (AD) (24430167) (00000),1165,30,335,805,490,25,5,0,20,65,380,0,5,490,270,185,15,10,5,58400,765,110,14,485,125,360,485,45,125,20,20,0,0,45,225,428000,440000,1140,1256
2443,24430168 (AD) (24430168) (00010),385,20,290,75,230,5,0,0,20,210,0,0,0,230,155,55,10,5,5,33200,345,130,38,235,20,215,235,115,65,25,25,0,0,0,0,,190000,620,636
2443,24430169 (AD) (24430169) (00000),1240,195,795,250,510,125,25,10,15,330,0,0,0,505,175,200,60,45,30,70000,1090,90,8.2,510,190,320,510,70,85,20,25,50,130,120,10,250000,280000,910,980
2443,24430172 (AD) (24430172) (00000),660,105,395,165,320,140,5,0,5,175,0,0,0,325,125,125,30,35,10,55600,660,125,18.4,315,150,170,315,0,140,45,80,15,15,10,20,250000,256000,750,715
2443,24430173 (AD) (24430173) (00000),540,110,305,125,240,105,5,0,35,90,0,5,0,240,95,85,25,15,20,59200,540,95,18.4,225,125,95,225,80,110,20,0,0,0,0,15,240000,236000,670,680
2443,24430174 (AD) (24430174) (00000),915,135,580,200,475,75,0,5,20,290,75,0,0,475,240,135,40,25,30,45200,915,235,26,475,100,375,475,90,265,45,25,25,15,0,10,250000,260000,655,668
2443,24430175 (AD) (24430175) (00000),435,60,230,140,215,115,10,0,35,50,0,0,0,215,90,85,20,15,10,63600,420,45,10.8,215,125,90,215,105,50,0,0,0,10,15,35,230000,248000,1010,1000
2443,24430176 (AD) (24430176) (00000),375,30,195,150,225,70,0,0,20,90,50,0,0,230,130,75,15,10,0,36400,365,130,36,215,80,135,215,80,90,30,0,0,0,0,0,230000,280000,516,490
2443,24430177 (AD) (24430177) (00000),350,30,205,115,225,45,10,0,15,150,0,0,0,220,140,55,10,5,5,42400,350,85,24,225,75,150,225,25,135,35,15,0,0,0,0,220000,230000,650,690
2443,24430178 (AD) (24430178) (00000),490,60,270,165,285,75,0,0,35,170,0,5,0,285,160,85,20,15,5,40800,465,125,26.4,280,80,200,280,125,95,30,20,0,0,0,0,250000,308000,670,695
2443,24430179 (AD) (24430179) (00000),570,85,340,150,275,160,5,0,0,110,0,0,0,275,100,105,30,25,10,60800,570,75,13.6,270,170,100,270,45,180,20,25,0,0,0,0,210000,222000,650,710
2443,24430180 (AD) (24430180) (00000),545,75,330,140,300,75,5,0,35,190,0,0,0,300,155,95,25,15,10,50400,545,105,19.2,295,105,195,295,25,155,60,50,0,0,0,0,250000,268000,640,655
2443,24430207 (AD) (24430207) (00000),435,55,265,115,180,180,0,0,0,0,0,0,0,180,45,80,20,20,15,83000,425,25,6.8,185,185,0,185,10,150,20,10,0,0,0,0,250000,244000,,
2443,24430217 (AD) (24430217) (00000),410,60,260,90,170,70,0,0,5,90,0,0,0,165,55,65,20,20,10,72500,370,50,13.6,185,85,95,185,50,75,25,20,0,0,0,0,348000,395000,680,700
2443,24430218 (AD) (24430218) (00000),520,80,355,80,305,20,5,0,35,240,0,0,0,300,175,75,25,20,10,42000,520,160,30,315,60,255,315,75,165,40,30,0,0,0,0,240000,270000,620,632
2443,24430220 (AD) (24430220) (00000),900,45,270,590,635,70,5,40,0,170,340,0,0,630,430,155,25,15,5,36800,900,250,27.4,680,140,535,680,35,165,375,75,20,0,0,0,250000,272000,880,980
2443,24430221 (AD) (24430221) (00000),720,135,415,170,280,265,15,5,0,0,0,0,0,280,65,115,25,60,25,109000,720,20,2.8,280,270,10,280,35,150,80,15,0,0,0,0,320000,340000,,
2443,24430222 (AD) (24430222) (00000),1395,195,850,350,680,170,25,35,10,440,0,0,0,685,255,265,65,65,30,68000,1395,105,7.4,685,320,370,685,0,55,150,180,50,30,125,95,232000,260000,840,916
2443,24430223 (AD) (24430223) (00000),540,95,320,130,240,125,5,0,10,100,0,0,0,235,75,90,40,20,20,72500,540,75,14,235,115,120,235,40,105,30,30,10,20,0,0,226000,228000,820,840
2443,24430224 (AD) (24430224) (00000),500,85,320,100,200,185,0,0,10,10,0,0,0,205,45,80,25,30,15,91000,500,30,6.8,190,165,20,190,70,45,30,20,0,20,0,0,300000,278000,,500
2443,24430225 (AD) (24430225) (00000),1155,225,775,155,475,320,60,10,5,50,0,0,30,475,110,185,80,75,30,90000,1155,55,4.6,490,390,100,490,35,85,50,75,15,45,105,80,250000,263000,810,880
2443,24430226 (AD) (24430226) (00000),1000,125,455,420,335,195,10,0,50,80,0,0,0,335,120,130,50,25,15,60800,690,90,13,345,195,145,345,140,90,25,30,0,10,25,25,224000,238000,730,760
2443,24430227 (AD) (24430227) (00000),705,130,480,100,335,145,10,0,20,155,0,5,0,335,125,105,55,40,5,67500,710,90,12.2,340,170,175,340,95,70,70,30,20,20,25,15,224000,220000,685,695
2443,24430228 (AD) (24430228) (00000),510,95,265,145,240,145,0,0,30,65,0,0,0,240,90,85,30,25,10,62000,510,50,10,235,150,85,235,50,110,15,10,0,0,30,20,240000,248000,790,840
2443,24430229 (AD) (24430229) (00000),950,240,575,130,330,265,15,0,10,30,0,0,0,330,40,120,50,75,40,111000,950,35,3.4,315,280,35,315,10,60,35,80,65,65,0,0,274000,290000,810,760
2443,24430230 (AD) (24430230) (00000),680,125,435,120,320,140,5,0,45,125,0,10,0,325,120,125,30,25,20,64000,680,105,15.4,320,155,170,320,165,50,45,20,10,0,15,10,214000,252000,705,685
2443,24430231 (AD) (24430231) (00000),425,80,240,100,175,150,10,0,15,0,0,0,0,175,45,75,20,20,15,83000,420,25,6.8,165,145,20,165,45,60,20,25,0,10,0,0,250000,284000,,600
2443,24430232 (AD) (24430232) (00000),595,105,375,120,230,220,0,0,0,5,0,0,0,230,40,105,30,35,20,112000,595,25,4,240,235,10,240,10,70,70,40,35,10,0,0,300000,340000,,
2443,24430233 (AD) (24430233) (00000),665,80,510,85,230,160,0,0,5,70,0,0,0,230,65,85,30,35,20,83000,550,60,10.4,215,160,60,215,0,40,50,30,30,20,30,10,348000,400000,655,780
2443,24430234 (AD) (24430234) (00000),1115,285,710,120,420,350,20,30,20,0,0,0,0,420,85,135,70,85,40,108000,1115,35,2.8,420,405,10,420,10,100,35,65,65,100,35,15,250000,279000,,700
2443,24430235 (AD) (24430235) (00000),470,75,255,135,205,205,0,0,0,0,0,0,0,205,50,100,25,25,10,81000,470,35,7.2,210,210,0,210,0,210,0,0,0,0,0,0,200000,198000,,
2443,24430236 (AD) (24430236) (00000),525,85,295,145,225,205,0,0,5,0,0,0,0,225,65,90,30,30,15,72500,525,30,6.4,215,210,10,215,15,175,0,15,0,0,0,0,226000,224000,,
2443,24430237 (AD) (24430237) (00000),600,120,395,85,240,210,5,0,0,25,0,0,0,240,50,100,30,35,20,81000,600,40,6.8,235,210,30,235,20,25,10,95,45,25,10,0,200000,210000,,1000
2443,24430238 (AD) (24430238) (00000),565,110,345,105,240,90,110,5,0,30,0,0,0,245,70,95,35,30,15,77500,560,45,7.6,245,210,30,245,0,110,75,35,0,10,0,0,200000,196000,910,900
2443,24430239 (AD) (24430239) (00000),470,95,290,90,195,105,75,0,0,15,0,0,0,195,40,80,35,35,10,83000,475,15,2.8,200,175,20,200,0,70,115,0,0,0,0,0,190000,196000,,
2443,24430240 (AD) (24430240) (00000),660,80,475,105,380,80,5,0,5,285,0,0,0,375,195,120,30,20,5,46400,660,140,21.2,355,85,275,355,0,115,115,95,10,10,15,0,200000,248000,665,670
2443,24430241 (AD) (24430241) (00010),510,55,305,150,310,30,0,0,5,270,0,0,0,315,180,95,30,10,5,35600,510,190,38,300,30,270,300,25,180,55,20,10,0,0,0,,320000,608,650
2443,24430242 (AD) (24430242) (00000),495,80,315,105,215,155,20,5,10,20,0,0,0,215,60,85,25,30,10,82000,495,25,5.6,215,195,20,215,0,35,55,115,0,0,0,0,220000,220000,,850
2443,24430243 (AD) (24430243) (00000),1180,165,710,305,540,130,0,65,5,335,0,0,0,540,210,210,55,45,25,67000,1100,150,13.6,565,215,350,565,10,120,65,140,20,75,95,50,250000,316000,860,860
2443,24430244 (AD) (24430244) (00000),1805,395,1205,210,790,25,290,50,35,390,0,0,0,785,215,300,135,85,45,79000,1805,145,8,810,395,410,810,0,30,35,105,75,115,215,235,236000,239000,850,892
2443,24430245 (AD) (24430245) (00000),1165,220,710,235,485,150,100,40,25,180,0,0,0,485,145,185,65,50,35,75000,1115,115,10.4,495,295,200,495,65,70,10,25,10,30,140,150,240000,248000,1000,1050
2443,24430247 (AD) (24430247) (00000),680,100,415,170,295,250,0,0,5,40,0,0,0,295,75,125,40,30,20,79000,685,50,6.8,290,245,45,290,0,200,70,10,0,0,0,0,220000,218000,584,580
2443,24430248 (AD) (24430248) (00000),535,85,280,170,240,215,5,0,10,10,0,0,0,240,65,105,30,20,10,71500,535,45,8.4,240,215,25,240,0,180,55,0,0,0,0,0,220000,226000,,600
2443,24430249 (AD) (24430249) (00000),545,110,315,120,220,195,25,0,0,0,0,0,0,220,35,105,30,35,10,86000,550,40,7.4,215,210,10,215,25,90,90,0,0,0,0,0,204000,206000,,
2443,24430250 (AD) (24430250) (00000),600,125,400,75,210,205,0,0,5,0,0,0,0,210,25,90,30,40,25,119000,600,15,2.8,215,215,0,215,0,80,25,40,20,40,10,0,286000,316000,,
2443,24430251 (AD) (24430251) (00000),420,75,275,70,150,145,0,0,10,0,0,0,0,155,10,70,30,20,15,116000,420,15,3.6,150,135,10,150,0,30,80,25,15,0,0,0,300000,284000,,
2443,24430252 (AD) (24430252) (00000),665,155,410,105,280,80,55,20,10,110,0,0,0,280,80,95,45,35,25,78500,665,55,7.8,275,150,125,275,0,20,35,90,30,60,25,0,250000,272000,800,820
2443,24430253 (AD) (24430253) (00000),460,90,280,95,175,160,5,0,5,10,0,0,0,175,30,80,25,30,15,109000,465,25,5.6,180,165,15,180,0,30,125,20,0,0,0,0,300000,294000,,
2443,24430254 (AD) (24430254) (00000),450,90,235,120,165,170,0,0,0,0,0,0,0,165,25,75,30,20,20,92000,450,20,4.4,170,170,0,170,0,85,60,0,0,0,15,0,250000,264000,,
2443,24430255 (AD) (24430255) (00000),595,100,370,120,230,220,0,0,10,0,0,0,0,230,40,100,30,40,20,114000,595,15,2.8,245,230,10,245,0,55,80,60,20,10,0,20,352000,408000,,
2443,24430256 (AD) (24430256) (00000),1090,240,725,130,470,135,5,145,10,180,0,0,0,470,130,185,65,65,25,87000,1090,45,3.9,470,335,130,470,0,35,60,75,0,85,145,75,250000,315000,890,900
2443,24430257 (AD) (24430257) (00000),505,105,275,125,200,170,0,0,10,15,0,0,0,200,40,85,30,25,20,93000,500,35,7.2,195,170,25,195,0,90,80,20,0,0,0,0,250000,272000,,560
2443,24430258 (AD) (24430258) (00000),465,85,255,125,205,145,0,0,10,40,0,0,0,200,65,80,20,20,15,67000,465,55,12.4,200,145,55,200,15,130,20,30,0,0,0,0,236000,264000,680,660
2443,24430259 (AD) (24430259) (00000),475,65,300,105,210,185,0,0,10,15,0,0,0,210,60,95,20,25,15,81000,470,40,8,210,180,25,210,0,125,60,10,0,10,0,0,240000,236000,,640
2443,24430260 (AD) (24430260) (00000),720,120,435,165,275,255,0,0,20,0,0,5,0,275,45,125,40,40,25,102000,705,55,7.4,265,240,25,265,45,80,45,35,10,20,30,0,348000,372000,,720
2443,24430261 (AD) (24430261) (01010),565,75,410,85,275,120,0,0,5,145,0,0,0,270,100,105,30,25,15,52400,565,145,25.2,220,105,120,220,135,40,30,0,0,10,0,0,250000,292000,600,610
2443,24430262 (AD) (24430262) (00000),565,45,300,215,205,120,5,0,15,60,0,0,0,210,75,75,30,15,10,69000,435,60,14,210,120,85,210,140,50,15,0,0,0,0,0,300000,296000,650,760
2443,24430263 (AD) (24430263) (00000),635,135,390,110,250,165,0,0,25,55,0,0,0,245,70,80,35,35,30,76500,635,70,11.6,255,195,65,255,145,65,15,15,0,0,0,0,300000,294000,655,700
2443,24430264 (AD) (24430264) (00000),710,85,420,210,390,110,5,0,10,265,0,0,0,385,205,115,30,15,20,46800,705,140,20,415,120,295,415,95,110,105,70,10,10,10,0,250000,276000,680,740
2443,24430265 (AD) (24430265) (00000),760,110,545,110,390,45,5,0,0,340,0,0,0,390,190,120,40,25,20,44800,760,200,26.4,405,80,325,405,0,100,50,70,35,45,40,65,324000,310000,695,724
2443,24430266 (AD) (24430266) (00000),920,150,640,130,440,160,50,0,20,215,0,0,0,440,175,145,50,40,25,54400,915,180,19.6,455,215,240,455,115,90,95,30,40,15,45,15,276000,292000,675,665
2443,24430267 (AD) (24430267) (00000),1785,410,1185,185,675,295,130,105,15,125,0,0,0,670,145,235,105,110,75,83000,1785,110,6.2,660,550,115,660,45,75,75,35,30,55,195,155,224000,234000,760,920
2443,24430268 (AD) (24430268) (00000),500,75,295,130,225,200,10,0,5,5,0,0,0,225,50,120,25,25,10,78000,500,20,4,220,215,0,220,10,140,75,0,0,0,0,0,230000,234000,,
2443,24430269 (AD) (24430269) (00000),600,115,405,80,270,95,0,0,0,170,0,0,0,265,95,85,35,35,20,56800,600,120,19.6,280,90,185,280,10,105,80,60,25,0,0,0,230000,236000,624,596
2443,24430270 (AD) (24430270) (00000),635,85,490,60,365,15,0,0,0,355,0,0,0,370,200,105,25,20,10,34800,635,255,40.8,380,0,370,380,30,160,75,75,20,0,10,0,,,616,612
2443,24430271 (AD) (24430271) (00000),495,55,390,50,280,5,0,0,0,275,0,0,0,280,145,95,15,15,10,40400,495,160,32.8,290,10,280,290,30,140,50,40,25,10,0,0,,,604,620
2443,24430272 (AD) (24430272) (00010),605,80,470,55,355,15,0,0,0,335,0,0,0,350,170,130,25,20,5,37200,605,250,41.2,350,15,335,350,40,150,75,55,15,0,0,0,,,628,656
2443,24430273 (AD) (24430273) (00000),555,70,375,115,310,55,0,0,5,250,0,0,0,310,150,120,25,10,10,46400,555,120,21.2,325,75,245,325,25,180,65,45,10,0,0,0,220000,250000,690,675
2443,24430274 (AD) (24430274) (00000),540,80,380,80,290,75,5,0,5,200,0,0,0,290,140,95,25,20,10,44400,540,160,29.8,300,80,220,300,35,105,30,90,20,20,0,0,200000,236000,650,632
2443,24430275 (AD) (24430275) (00000),815,95,645,70,430,10,15,0,0,395,0,0,0,430,185,165,50,10,20,46800,810,200,24.4,435,35,400,435,30,125,85,80,20,25,55,15,210000,220000,685,716
2443,24430276 (AD) (24430276) (00000),460,70,330,60,215,75,20,10,5,100,0,0,0,215,75,75,25,20,10,75500,460,45,10,205,100,105,205,0,15,70,60,10,15,0,25,230000,236000,740,840
2443,24430277 (AD) (24430277) (00000),1040,160,730,145,460,250,10,0,30,175,0,0,0,465,140,200,55,40,30,81000,1030,80,7.6,420,225,200,420,0,40,65,65,0,0,20,215,250000,258000,1210,1110
2443,24430278 (AD) (24430278) (00000),1675,410,1135,130,625,310,120,95,35,70,0,0,0,630,140,205,95,130,60,105000,1675,100,6.2,620,520,100,620,20,35,40,115,50,55,200,115,300000,338000,810,820
2443,24430279 (AD) (24430279) (00000),320,70,220,30,115,60,0,10,10,30,0,0,0,120,20,40,20,25,15,105000,320,30,8.5,120,100,20,120,0,10,0,20,10,30,15,30,324000,410000,,1000
2443,24430280 (AD) (24430280) (00000),740,130,505,105,350,110,5,15,20,200,0,0,0,350,120,140,45,25,15,69500,740,80,10.4,340,140,200,340,10,70,30,60,50,50,30,35,276000,308000,860,900
2443,24430281 (AD) (24430281) (00000),470,60,270,140,215,130,25,20,0,35,0,0,0,215,60,90,25,25,10,79500,470,20,4.4,230,210,20,230,0,145,70,0,0,0,0,0,250000,226000,,520
2443,24430282 (AD) (24430282) (00000),555,100,310,145,225,215,0,0,5,0,0,0,0,225,40,100,30,40,15,82000,555,10,2.4,235,210,25,235,10,150,35,0,0,20,10,0,268000,282000,,850
2443,24430283 (AD) (24430283) (00000),885,170,550,165,385,125,165,20,10,65,0,5,0,385,120,140,60,40,25,83000,885,35,4,370,270,100,370,10,45,80,155,40,25,15,0,210000,276000,880,880
2443,24430284 (AD) (24430284) (00000),645,130,435,80,305,120,0,5,0,180,0,0,0,305,120,95,45,30,15,56000,645,75,12,300,125,175,300,0,155,70,40,25,0,10,0,200000,208000,675,730
2443,24430285 (AD) (24430285) (00000),695,125,435,140,340,120,55,20,5,140,0,0,0,340,145,115,30,30,20,67000,695,60,8,340,265,75,340,10,75,45,70,0,105,35,0,200000,218000,690,740
2443,24430286 (AD) (24430286) (00000),480,80,295,110,190,185,5,0,0,0,0,0,0,190,25,90,30,30,10,97000,480,20,3.2,180,180,0,180,0,145,30,0,0,0,0,0,250000,256000,,
2443,24430287 (AD) (24430287) (00000),425,100,265,60,160,105,55,0,0,0,0,0,0,155,25,60,25,30,15,105000,425,20,5.6,175,165,0,175,0,105,65,10,0,0,0,0,240000,252000,,
2443,24430289 (AD) (24430289) (00000),705,50,300,355,470,20,0,0,10,440,0,0,0,470,285,150,20,15,0,41200,700,160,22.8,475,25,450,475,0,100,50,35,20,55,45,155,,320000,830,1272
2443,24430290 (AD) (24430290) (00000),475,95,250,125,195,185,0,0,5,5,0,0,0,190,40,90,20,25,15,78500,475,25,6,190,170,20,190,0,175,0,0,0,0,0,0,230000,232000,,450
2443,24430291 (AD) (24430291) (00000),750,115,470,160,350,170,5,0,20,155,0,0,0,345,115,140,40,45,15,73500,750,70,9.2,355,210,145,355,0,90,40,105,30,35,35,0,280000,308000,760,770
2443,24430292 (AD) (24430292) (00000),665,120,445,100,295,90,10,15,5,175,0,0,0,295,85,125,45,35,10,72000,670,55,8.4,295,110,185,295,0,65,65,95,30,25,0,0,300000,320000,800,775
2443,24430293 (AD) (24430293) (00000),535,115,320,105,250,75,5,50,0,115,0,0,0,250,85,100,25,25,15,61200,540,70,12.8,245,110,135,245,0,65,65,110,10,0,0,0,230000,236000,760,820
2443,24430294 (AD) (24430294) (00000),670,145,420,100,320,65,55,0,10,190,0,0,0,320,125,105,45,25,20,69000,670,75,11.2,320,180,145,320,10,65,45,35,75,25,10,60,260000,324000,705,750
2443,24430295 (AD) (24430295) (00000),1500,250,905,345,580,255,10,5,35,270,0,5,0,580,175,205,85,70,35,81000,1345,75,5.8,575,360,215,575,10,50,60,70,90,125,20,155,276000,290000,810,850
2443,24430296 (AD) (24430296) (00000),840,140,515,185,395,140,40,15,0,60,0,0,145,400,150,145,40,45,20,61200,840,85,10,395,310,80,395,0,185,55,70,15,35,0,35,180000,194000,735,670
2443,24430297 (AD) (24430297) (00000),415,75,270,65,150,135,5,0,0,0,0,0,15,155,20,70,25,30,15,106000,415,10,2.8,160,155,0,160,0,80,40,30,0,0,0,0,250000,248000,,
2443,24430298 (AD) (24430298) (00000),425,80,270,75,155,145,0,0,10,0,0,0,0,155,20,60,30,35,10,97000,425,15,3.2,150,145,0,150,0,135,10,0,0,0,0,0,250000,252000,,
2443,24430299 (AD) (24430299) (00000),405,90,250,65,170,110,5,0,5,50,0,0,0,170,45,65,25,20,15,75000,405,45,10.4,170,110,65,170,0,100,30,15,25,0,0,0,250000,276000,780,760
2443,24430300 (AD) (24430300) (00000),465,55,285,125,245,135,5,0,35,70,0,0,0,245,110,85,20,20,5,66000,460,65,14.8,250,135,120,250,35,85,25,30,30,25,10,10,300000,345000,616,660
2443,24430302 (AD) (24430302) (00000),1190,205,805,185,480,390,5,0,70,20,0,0,0,480,120,180,75,65,35,97000,1190,65,5.6,460,405,55,460,60,135,25,100,70,25,30,10,320000,358000,725,740
2443,24430303 (AD) (24430303) (00000),1020,215,720,80,380,265,15,0,60,40,0,0,0,385,90,125,55,70,45,113000,1025,40,4.2,380,305,75,380,35,20,45,70,25,115,35,35,348000,408000,800,700
2443,24430304 (AD) (24430304) (00000),695,150,460,90,260,215,0,0,35,10,0,0,0,265,50,95,40,45,25,104000,695,25,3.6,265,215,50,265,35,45,15,55,10,50,45,0,302000,352000,680,740
2443,24430305 (AD) (24430305) (00000),495,80,290,125,190,170,5,0,10,0,0,0,0,185,25,90,20,35,20,100000,495,20,4,200,185,15,200,35,95,35,10,0,0,0,0,312000,352000,,600
2443,24430306 (AD) (24430306) (00000),1025,260,670,95,350,330,5,0,5,0,0,0,0,345,50,110,55,90,40,126000,1005,20,2.2,360,350,10,360,20,90,30,45,25,65,65,20,380000,380000,,
2443,24430307 (AD) (24430307) (00000),785,115,535,140,310,295,0,0,10,10,0,0,0,310,70,140,45,30,25,115000,750,30,4.4,320,310,15,320,40,100,20,70,25,30,15,25,500000,552000,,
2443,24430308 (AD) (24430308) (00000),680,80,395,210,320,270,5,0,10,45,0,0,0,320,90,155,35,35,5,102000,680,30,4.8,310,280,30,310,50,35,90,50,40,10,20,25,400000,556000,,1100
2443,24430309 (AD) (24430309) (00000),805,155,525,130,350,250,10,0,25,55,0,0,0,350,95,140,45,50,20,79500,805,70,8.4,345,230,110,345,60,60,60,55,20,15,35,30,300000,306000,750,730
2443,24430310 (AD) (24430310) (00000),570,105,395,75,250,165,5,0,20,55,0,0,0,255,85,80,40,30,15,73500,570,55,9.6,250,150,105,250,65,60,40,20,0,20,0,50,274000,296000,730,860
2443,24430311 (AD) (24430311) (00000),1900,410,1320,170,755,405,125,25,30,130,0,5,45,760,175,275,120,140,50,95000,1895,70,3.8,750,605,145,750,20,50,55,230,75,95,15,215,280000,286000,1080,1040
2443,24430312 (AD) (24430312) (00000),560,80,385,85,250,195,5,0,5,30,0,5,5,250,75,95,25,40,5,72000,555,55,9.6,245,190,50,245,40,95,40,30,10,0,15,10,258000,276000,636,660
2443,24430314 (AD) (24430314) (00000),720,150,485,90,280,200,5,5,25,40,0,0,5,280,65,95,50,50,20,95000,720,50,7,270,200,70,270,15,50,40,75,15,20,15,30,324000,356000,680,660
2443,24430315 (AD) (24430315) (00000),1305,350,850,100,515,155,80,250,5,15,0,10,0,520,130,160,100,80,40,86000,1300,75,6,505,385,120,505,0,15,60,155,45,40,35,155,230000,239000,850,960
2443,24430317 (AD) (24430317) (00000),905,185,580,135,355,225,90,0,10,30,0,0,0,350,75,130,70,60,30,90000,905,45,4.8,340,315,25,340,0,10,50,185,40,15,15,25,250000,266000,,1200
2443,24430318 (AD) (24430318) (00000),580,120,340,110,230,220,5,0,5,0,0,0,0,230,45,100,25,40,15,86000,575,30,5.2,210,210,0,210,0,80,90,35,0,0,0,0,250000,268000,,
2443,24430319 (AD) (24430319) (00000),750,145,530,75,275,230,35,0,10,0,0,0,0,275,35,115,45,55,25,115000,750,15,2.4,295,290,10,295,15,35,80,115,15,15,0,10,300000,296000,,
2443,24430323 (AD) (24430323) (00000),1645,375,1080,185,595,485,5,0,5,0,0,0,100,595,95,220,95,115,65,105000,1645,60,3.7,615,610,0,615,20,135,95,120,85,95,40,15,320000,326000,,
2443,24430324 (AD) (24430324) (00000),1455,345,960,155,500,470,10,0,15,0,0,0,0,500,75,155,90,120,60,117000,1455,60,4,515,495,20,515,40,45,45,75,80,110,70,45,348000,372000,,1000
2443,24430325 (AD) (24430325) (00000),810,130,475,205,350,210,0,0,15,115,0,0,5,350,115,135,30,50,20,85000,785,40,5,345,245,100,345,20,70,100,45,45,20,15,35,300000,424000,800,820
2443,24430326 (AD) (24430326) (00000),955,145,530,280,370,260,5,0,25,80,0,0,0,370,140,120,45,40,25,68500,825,110,13.4,360,250,115,360,95,150,65,40,10,0,0,10,268000,306000,572,730
2443,24430327 (AD) (24430327) (00000),340,35,225,80,135,135,5,0,0,0,0,0,0,140,15,70,20,20,5,112000,340,5,1.6,150,145,10,150,0,0,50,70,15,10,0,0,300000,316000,,
2443,24430328 (AD) (24430328) (00000),435,80,265,85,170,170,0,0,5,0,0,0,0,170,35,75,25,30,10,84000,435,25,6.8,160,140,20,160,20,95,30,10,0,0,0,0,210000,252000,,720
2443,24430329 (AD) (24430329) (00000),695,110,460,125,270,210,0,0,25,20,0,0,15,270,60,115,35,45,15,93000,655,40,6.2,265,225,35,265,15,70,45,50,30,20,20,15,300000,328000,472,560
2443,24430330 (AD) (24430330) (01919),150,10,55,80,55,45,0,0,0,0,0,0,0,55,35,15,0,0,0,,,,,55,15,40,55,0,15,0,0,0,10,0,25,,,800,800
2443,24430331 (AD) (24430331) (00000),1235,285,815,135,445,435,0,0,0,0,0,0,0,440,55,180,65,100,45,114000,1240,35,2.6,445,435,0,445,20,10,90,125,40,100,35,25,314000,342000,,
2443,24430332 (AD) (24430332) (00000),800,135,505,160,325,290,0,0,15,10,0,0,10,330,70,150,55,40,25,83000,800,65,7.8,335,320,20,335,35,145,65,60,0,10,10,15,220000,268000,,700
2443,24430333 (AD) (24430333) (00000),705,145,490,70,270,240,30,0,0,0,0,0,0,270,55,100,35,55,20,101000,705,40,5.6,280,270,0,280,0,0,10,125,60,25,35,15,250000,272000,,
2443,24430335 (AD) (24430335) (00909),230,35,125,60,90,85,5,0,0,5,0,0,0,90,15,45,10,10,5,,,,,95,85,10,95,0,70,30,0,0,0,0,0,274000,272000,,
2443,24430336 (AD) (24430336) (00000),270,50,175,50,135,35,0,0,10,85,0,0,0,130,65,35,15,15,5,54000,265,45,16.5,125,45,85,125,0,25,30,40,0,10,0,0,300000,300000,720,630
2443,24430339 (AD) (24430339) (00000),775,145,520,110,320,130,75,0,40,45,0,25,0,315,80,120,55,50,15,85000,775,50,6,315,225,85,315,25,55,20,130,55,15,10,0,240000,266000,795,790
2443,24430340 (AD) (24430340) (00000),440,35,280,125,290,70,15,0,20,155,0,0,25,290,190,75,10,10,5,39600,445,130,28.8,265,100,160,265,75,110,40,10,10,0,0,10,200000,264000,568,624
2443,24430342 (AD) (24430342) (00000),305,50,170,85,120,115,0,0,0,0,0,0,0,120,15,60,20,15,10,86000,305,20,6,110,110,0,110,0,95,10,0,0,0,0,0,230000,232000,,
2443,24430343 (AD) (24430343) (00000),1395,380,865,155,515,235,220,0,55,5,0,0,0,515,105,170,80,100,55,98000,1395,50,3.4,505,460,40,505,15,10,40,45,35,245,90,20,240000,261000,890,720
2443,24430344 (AD) (24430344) (00000),1590,305,840,440,650,120,170,5,20,330,0,0,0,655,270,190,85,65,40,61200,1390,250,18,665,305,365,665,15,15,0,0,20,100,185,320,250000,266000,650,732
2443,24430345 (AD) (24430345) (00000),1300,305,860,135,505,315,50,15,15,110,0,0,0,505,110,165,105,90,35,96000,1300,95,7.2,505,345,160,505,10,50,20,85,25,55,100,165,300000,320000,1000,1000
2443,24430346 (AD) (24430346) (00000),1255,260,845,145,490,230,85,80,5,100,0,0,0,490,130,150,70,90,45,105000,1255,60,4.4,495,400,95,495,0,75,45,110,120,80,55,0,300000,303000,755,770
2443,24430347 (AD) (24430347) (00000),1640,455,1040,140,535,415,70,15,35,0,0,0,0,535,65,145,95,150,80,128000,1640,45,2.7,530,505,30,530,0,90,50,20,35,120,155,55,328000,356000,,600
2443,24430348 (AD) (24430348) (00000),1990,425,1305,255,780,330,45,125,10,270,0,0,0,775,200,285,120,115,55,92000,1900,75,4,765,470,295,765,0,30,20,65,80,70,210,295,260000,317000,950,1000
2443,24430349 (AD) (24430349) (00000),1490,290,1015,185,715,40,40,275,0,355,0,0,0,715,255,255,125,60,20,77000,1490,115,7.6,730,500,225,730,0,10,0,60,135,330,180,10,220000,230000,890,930
2443,24430350 (AD) (24430350) (00000),1145,220,715,200,445,305,45,20,0,70,0,0,0,445,85,180,70,70,35,103000,1145,45,4.2,450,400,50,450,0,160,15,25,55,55,115,20,268000,310000,970,960
2443,24430351 (AD) (24430351) (00000),585,150,380,60,205,195,0,5,5,5,0,0,0,200,30,65,35,50,25,113000,585,20,3.4,215,175,40,215,15,35,20,0,25,40,40,30,424000,476000,700,1000
2443,24430352 (AD) (24430352) (00000),2415,640,1525,250,905,395,360,40,20,75,0,10,0,900,175,325,145,170,90,103000,2415,60,2.4,895,745,150,895,10,20,0,100,130,305,195,140,274000,289000,1060,1120
2444,24440065 (AD) (24440065) (00000),510,120,295,100,200,190,0,0,5,5,0,0,0,200,55,75,20,35,20,68000,510,65,12,215,195,20,215,100,55,25,20,0,10,0,0,150000,170000,,500
2444,24440064 (AD) (24440064) (00909),70,5,45,20,35,35,0,0,0,0,0,0,0,40,15,20,5,0,0,,,,,35,30,0,35,15,10,0,0,0,0,0,0,,140000,,
2444,24440063 (AD) (24440063) (00000),280,50,175,55,125,105,0,0,0,15,0,0,0,125,40,45,15,10,15,57200,285,35,12,125,110,20,125,40,35,10,20,0,10,0,0,190000,196000,,
2444,24440062 (AD) (24440062) (01010),690,100,420,170,325,320,5,0,0,0,0,0,0,330,115,145,25,25,20,58400,690,140,20,330,295,35,330,125,55,55,25,30,10,20,10,200000,250000,,560
2444,24440061 (AD) (24440061) (00000),730,175,450,100,285,265,0,5,10,5,0,0,0,280,70,105,35,45,30,73000,725,70,9.2,265,235,35,265,115,60,40,10,15,15,0,15,200000,220000,,680
2444,24440041 (AD) (24440041) (00000),440,80,275,90,185,135,10,5,15,15,0,0,0,185,50,75,20,15,15,67000,440,45,10.8,170,145,25,170,70,45,20,10,0,0,15,15,200000,212000,,680
2444,24440042 (AD) (24440042) (00000),440,80,275,85,200,95,20,0,20,60,0,0,0,200,65,80,35,15,15,60400,440,50,10.8,225,120,110,225,80,110,25,0,0,0,0,0,200000,228000,544,610
2444,24440043 (AD) (24440043) (00000),430,70,255,105,215,100,35,10,5,60,0,0,0,210,85,75,25,20,10,56800,430,65,14.8,225,130,95,225,155,35,10,0,0,0,10,10,170000,180000,576,600
2444,24440044 (AD) (24440044) (00000),420,65,230,125,230,55,40,0,5,125,0,0,5,225,110,75,20,10,5,45600,420,85,20.8,225,75,150,225,130,50,20,25,0,0,0,0,170000,170000,640,700
2444,24440045 (AD) (24440045) (00000),420,40,220,160,260,30,10,5,30,185,0,0,0,265,160,75,15,10,10,36800,420,130,30.8,270,60,205,270,175,40,15,25,0,0,0,0,180000,195000,576,710
2444,24440046 (AD) (24440046) (00000),620,65,330,225,350,70,5,10,25,230,0,10,0,345,155,140,35,15,5,50400,620,100,16.4,345,80,260,345,95,55,30,30,65,35,10,25,226000,256000,665,650
2444,24440047 (AD) (24440047) (00000),550,95,315,140,240,170,0,15,20,35,0,0,0,240,65,100,30,30,15,70000,550,50,9.6,245,180,70,245,40,50,75,30,20,20,10,10,200000,218000,735,720
2444,24440048 (AD) (24440048) (00000),520,105,305,110,205,175,5,0,10,5,0,0,5,205,50,85,25,25,30,71500,520,55,10.4,200,175,30,200,35,90,15,25,15,0,0,10,250000,266000,,720
2444,24440049 (AD) (24440049) (00000),545,115,330,95,220,170,0,0,0,50,0,0,0,220,55,80,30,35,20,83000,540,40,6.8,225,185,45,225,35,20,45,60,10,15,10,20,230000,234000,624,680
2444,24440050 (AD) (24440050) (00000),505,60,255,190,240,70,5,0,75,90,0,0,0,235,125,70,20,10,10,48400,430,65,15.6,240,95,145,240,150,40,10,0,10,20,10,0,226000,228000,650,690
2444,24440051 (AD) (24440051) (00000),610,120,385,100,240,220,0,0,15,0,0,0,0,235,45,100,45,35,15,86000,610,35,5.6,235,205,30,235,35,10,70,55,35,20,20,0,220000,240000,715,1100
2444,24440052 (AD) (24440052) (00909),410,25,120,265,150,50,0,0,10,90,0,0,0,150,85,45,5,5,10,,,,,155,65,90,155,60,55,20,0,10,0,0,0,200000,230000,476,470
2444,24440053 (AD) (24440053) (00000),515,85,310,120,255,125,0,0,30,100,0,0,0,255,110,80,25,20,10,57200,515,65,12.8,255,145,105,255,100,80,55,20,0,0,0,0,230000,240000,628,630
2444,24440054 (AD) (24440054) (00000),490,75,310,110,230,155,0,5,10,55,0,0,0,230,80,90,20,25,10,70500,490,45,8.8,210,135,75,210,45,80,35,25,10,10,0,10,224000,240000,608,580
2444,24440055 (AD) (24440055) (00000),480,70,295,110,195,185,0,0,10,0,0,0,0,195,35,85,35,25,10,94000,480,20,4,195,185,10,195,0,90,45,25,25,10,0,0,250000,256000,,
2444,24440056 (AD) (24440056) (00000),475,100,300,75,185,155,5,0,20,5,0,5,0,185,45,70,30,20,20,67500,475,70,14.4,180,155,25,180,60,40,30,20,10,0,10,15,200000,244000,,560
2444,24440057 (AD) (24440057) (00000),420,90,255,75,175,120,10,0,25,25,0,0,0,175,55,60,30,20,15,67000,420,50,12,175,115,60,175,90,35,25,10,0,0,0,0,250000,268000,600,620
2444,24440060 (AD) (24440060) (00000),580,80,350,150,265,255,0,0,0,0,0,0,5,265,75,130,25,20,15,84000,580,45,8,250,215,40,250,95,40,25,10,15,30,15,25,300000,340000,775,800
2444,24440058 (AD) (24440058) (00000),545,105,320,120,215,205,0,0,0,5,0,0,0,215,60,75,20,30,30,71000,545,95,16.8,220,175,45,220,100,20,30,35,10,20,0,10,300000,420000,990,960
2444,24440059 (AD) (24440059) (00000),640,120,365,160,265,255,5,0,5,0,0,0,0,265,65,110,35,30,25,71000,640,120,18.4,250,210,40,250,130,60,0,20,15,10,0,0,238000,312000,,680
2444,24440066 (AD) (24440066) (00000),545,115,350,75,200,190,0,0,10,0,0,0,0,200,45,70,25,20,30,74000,545,60,10.8,220,200,15,220,90,50,15,15,0,10,35,0,200000,226000,,
2444,24440031 (AD) (24440031) (00000),440,65,300,75,180,145,0,0,15,20,0,0,0,180,55,70,25,20,15,66500,425,50,12,175,150,25,175,65,35,45,15,0,0,10,10,200000,216000,,600
2444,24440032 (AD) (24440032) (00000),625,150,370,110,245,235,0,0,5,5,0,0,0,245,60,90,35,30,25,75000,625,65,10.4,270,240,30,270,60,90,30,20,15,20,15,15,250000,276000,,560
2444,24440033 (AD) (24440033) (00000),655,135,420,100,275,200,15,10,15,35,0,0,0,275,95,80,40,30,25,71000,645,70,11.2,280,220,65,280,60,75,40,35,0,15,35,15,250000,264000,556,620
2444,24440034 (AD) (24440034) (00000),745,110,395,235,310,170,10,0,15,115,0,0,0,310,90,140,30,30,15,70500,675,65,10,305,175,130,305,40,55,60,55,15,25,30,10,250000,262000,695,680
2444,24440035 (AD) (24440035) (00000),625,135,385,100,235,225,5,0,5,5,0,0,0,240,50,95,25,45,25,79000,620,55,8.8,225,190,35,225,80,55,45,20,10,10,10,0,250000,248000,,560
2444,24440040 (AD) (24440040) (00000),620,135,375,110,240,195,5,0,10,15,0,0,20,240,45,100,35,30,25,75000,620,50,8.4,225,185,40,225,60,90,25,10,25,0,15,0,278000,262000,775,800
2444,24440036 (AD) (24440036) (00000),555,120,345,85,220,150,10,0,20,40,0,0,0,220,70,60,30,30,25,71500,535,45,8.4,210,125,80,210,95,70,30,10,0,0,0,0,224000,224000,655,700
2444,24440037 (AD) (24440037) (00000),800,240,470,90,290,215,10,0,15,45,0,0,0,290,60,85,50,55,40,80000,800,85,10.2,270,230,45,270,75,70,25,15,15,20,15,30,240000,246000,680,740
2444,24440038 (AD) (24440038) (00000),540,115,330,95,225,165,5,0,15,45,0,0,0,225,50,105,35,25,20,70500,535,70,12.8,250,165,80,250,100,55,25,15,0,10,25,20,250000,296000,830,840
2444,24440039 (AD) (24440039) (00000),415,60,250,110,175,160,0,0,10,10,0,0,5,180,55,70,15,20,15,69500,415,55,12.8,180,155,30,180,85,70,10,10,10,0,0,0,200000,240000,,520
2445,24450147 (AD) (24450147) (00000),575,105,340,125,265,185,15,0,65,0,0,0,0,265,100,90,25,30,15,58000,575,80,14.4,275,200,80,275,185,40,20,0,10,0,0,10,200000,242000,604,560
2445,24450148 (AD) (24450148) (00000),710,110,410,190,325,225,20,5,35,35,0,0,0,320,110,135,30,25,20,55600,710,130,18.8,315,220,100,315,215,55,20,10,0,0,0,10,200000,214000,624,640
2445,24450149 (AD) (24450149) (00000),510,90,290,125,235,155,35,0,15,25,0,0,5,240,95,80,25,25,10,50400,505,100,20.4,225,160,75,225,175,25,0,0,0,0,0,0,150000,180000,564,560
2445,24450150 (AD) (24450150) (00000),500,50,260,185,215,115,25,0,0,65,0,0,0,220,95,70,30,15,10,46800,430,85,19.6,205,130,75,205,105,35,25,20,0,10,0,0,200000,240000,600,620
2445,24450151 (AD) (24450151) (00000),535,90,310,135,230,145,40,0,5,35,0,5,0,230,70,85,20,20,25,55200,535,100,19.2,250,175,75,250,140,65,20,10,10,0,0,0,224000,246000,665,720
2445,24450145 (AD) (24450145) (00010),765,70,420,270,350,350,0,0,0,0,0,0,5,355,110,165,30,35,20,68000,765,100,13.6,340,310,25,340,125,80,30,40,40,15,0,0,324000,456000,,360
2445,24450143 (AD) (24450143) (01000),525,40,305,180,265,260,0,0,0,5,0,0,0,270,100,110,25,20,5,70500,525,80,15.8,265,240,30,265,100,40,45,0,30,10,15,15,380000,628000,,760
2445,24450146 (AD) (24450146) (00000),620,65,355,200,285,285,0,0,0,0,0,0,0,285,65,165,20,20,15,82000,620,70,11.2,285,255,30,285,40,65,55,50,20,25,20,20,460000,608000,,850
2445,24450144 (AD) (24450144) (01020),825,60,415,350,435,375,0,20,5,10,0,0,20,430,160,210,30,15,15,75500,825,95,11.6,360,325,35,360,85,65,50,85,20,30,10,15,400000,554000,,1000
2445,24450152 (AD) (24450152) (00000),535,50,325,165,270,235,5,0,15,5,0,15,0,270,90,135,15,20,5,64500,540,85,15.8,310,250,50,310,145,30,20,40,20,10,15,15,300000,392000,500,680
2445,24450153 (AD) (24450153) (00000),650,85,330,235,320,270,5,0,5,40,0,5,0,325,120,130,30,30,15,58800,650,110,16.8,355,270,90,355,125,90,65,30,15,30,0,0,300000,356000,604,590
2445,24450112 (AD) (24450112) (00000),500,70,300,130,230,155,5,15,30,30,0,5,0,235,95,90,25,10,15,65000,465,45,10,245,185,60,245,165,25,30,10,0,0,0,0,250000,286000,588,720
2445,24450113 (AD) (24450113) (00000),685,120,410,160,300,250,5,0,0,45,0,0,0,300,85,120,50,30,20,87000,680,60,8.8,325,275,50,325,95,35,50,30,20,50,20,20,348000,520000,785,920
2445,24450111 (AD) (24450111) (00000),770,110,455,200,340,325,5,0,10,5,0,0,0,340,100,150,40,25,25,83000,775,45,5.8,320,280,35,320,130,60,30,45,15,0,10,20,352000,512000,,1600
2445,24450107 (AD) (24450107) (00000),675,95,325,260,315,265,5,5,10,30,0,0,0,320,125,125,30,25,15,73500,635,55,9.2,320,215,100,320,170,50,20,20,20,15,15,15,452000,568000,820,860
2445,24450108 (AD) (24450108) (00000),1120,160,640,315,480,455,10,0,5,5,0,0,0,475,100,220,70,50,30,101000,1115,65,5.8,490,440,50,490,95,135,40,70,25,35,60,35,480000,544000,770,760
2445,24450109 (AD) (24450109) (00000),580,90,370,125,220,195,5,0,15,5,0,0,0,220,45,85,30,40,25,105000,585,25,4,210,175,35,210,20,25,15,50,50,35,0,0,424000,496000,628,720
2445,24450110 (AD) (24450110) (00000),525,95,325,110,200,195,5,0,0,0,0,0,0,200,30,95,25,30,20,99000,525,30,4.8,195,180,10,195,60,40,10,20,25,25,15,10,348000,400000,,450
2445,24450105 (AD) (24450105) (00000),1115,170,705,235,480,460,5,0,15,5,0,0,0,480,135,205,55,55,30,90000,1115,85,7.3,480,445,35,480,80,130,65,50,35,30,40,55,348000,446000,,1100
2445,24450106 (AD) (24450106) (00000),925,115,525,280,415,405,5,0,10,0,0,0,0,420,105,215,45,35,25,99000,925,65,7,410,390,30,410,70,105,15,80,55,55,20,20,500000,566000,,520
2445,24450114 (AD) (24450114) (00000),700,140,415,145,275,265,5,0,10,0,0,0,0,280,55,120,45,30,30,85000,700,45,6.4,280,260,20,280,50,60,60,45,10,15,20,15,300000,356000,,
2445,24450080 (AD) (24450080) (00000),740,135,460,135,285,275,5,0,5,0,0,0,5,285,55,125,45,45,20,91000,735,40,4.8,295,270,25,295,10,70,75,50,40,0,20,35,250000,294000,,1200
2445,24450081 (AD) (24450081) (00000),620,95,385,145,260,245,0,0,5,10,0,0,0,260,55,130,25,25,20,86000,615,35,5.6,265,230,35,265,15,70,80,50,10,25,0,10,300000,340000,,640
2445,24450082 (AD) (24450082) (00000),625,130,360,130,240,235,0,0,0,0,0,0,0,240,40,105,30,40,20,97000,625,25,4,245,240,10,245,10,70,65,25,0,40,25,0,300000,316000,,
2445,24450083 (AD) (24450083) (00000),555,100,375,80,290,40,0,0,0,250,0,0,0,290,140,85,45,15,10,47600,555,155,27.6,270,40,225,270,15,130,60,25,20,15,0,10,200000,185000,660,665
2445,24450084 (AD) (24450084) (00000),455,50,230,175,210,165,30,0,10,5,0,0,0,210,45,115,15,25,10,72000,455,15,4,225,215,10,225,35,105,35,35,20,0,0,0,300000,298000,,
2445,24450085 (AD) (24450085) (00000),905,65,275,565,370,85,5,5,75,200,0,0,0,370,210,115,25,15,10,41600,620,120,19.2,385,130,255,385,145,75,20,10,0,40,60,20,200000,228000,850,1010
2445,24450086 (AD) (24450086) (00000),490,35,230,225,225,65,5,5,35,115,0,0,0,225,130,75,10,5,5,43600,370,95,25.6,205,80,135,205,135,45,0,0,10,0,0,15,260000,280000,670,720
2445,24450087 (AD) (24450087) (00000),335,25,220,95,240,10,5,5,40,135,0,45,0,235,175,45,5,5,0,31800,325,125,37.5,245,30,220,245,150,55,15,10,0,0,0,10,188000,220000,584,596
2445,24450088 (AD) (24450088) (00000),395,40,240,120,240,45,5,15,70,85,5,15,0,235,130,75,20,10,5,43600,395,100,24.4,235,120,115,235,140,55,10,10,0,10,0,10,200000,220000,612,630
2445,24450089 (AD) (24450089) (00000),460,50,290,115,275,35,0,0,85,155,0,5,0,275,165,70,25,15,5,39200,455,120,26,305,60,245,305,220,40,0,25,0,0,0,0,200000,170000,624,636
2445,24450090 (AD) (24450090) (00010),655,35,190,435,175,10,0,0,35,125,0,5,0,175,125,35,10,5,5,30200,265,115,43,165,10,155,165,90,60,0,10,0,0,0,0,,,592,650
2445,24450091 (AD) (24450091) (00009),305,40,205,60,175,10,0,0,40,125,0,5,0,175,105,45,15,10,5,36800,305,105,33.5,160,30,130,160,100,45,0,0,0,0,0,0,,240000,584,640
2445,24450092 (AD) (24450092) (00000),480,75,280,120,270,60,5,0,95,105,0,0,0,270,135,90,20,15,10,47600,480,95,20.8,275,125,155,275,200,55,0,0,0,0,0,0,220000,228000,640,740
2445,24450093 (AD) (24450093) (00000),480,75,275,130,205,185,0,0,10,5,0,0,0,205,40,95,35,25,10,68500,480,45,10,205,180,25,205,35,90,40,0,10,20,10,0,240000,248000,,850
2445,24450094 (AD) (24450094) (00000),645,110,355,180,290,165,55,0,45,30,0,5,0,295,90,125,35,35,15,65500,645,70,10.8,300,235,70,300,65,85,35,0,0,10,70,25,250000,256000,660,720
2445,24450095 (AD) (24450095) (00000),535,35,270,225,250,65,5,0,55,125,0,0,0,250,120,100,25,5,0,46400,430,80,19.6,260,85,175,260,110,110,20,15,0,0,0,0,250000,268000,665,660
2445,24450096 (AD) (24450096) (00000),610,55,280,280,415,25,10,0,10,375,0,0,0,420,290,90,25,10,5,27400,615,265,43.6,410,95,315,410,50,130,70,30,40,55,15,20,190000,204000,520,536
2445,24450097 (AD) (24450097) (00000),620,110,350,165,310,85,0,10,0,210,0,0,0,310,125,115,30,20,15,52800,620,135,22,305,95,205,305,15,75,100,75,10,20,15,0,240000,248000,665,640
2445,24450098 (AD) (24450098) (00000),865,140,535,195,410,140,75,0,10,185,0,0,0,410,140,170,55,25,25,59200,870,125,14,410,220,185,410,30,95,75,65,30,50,35,20,250000,264000,695,720
2445,24450099 (AD) (24450099) (00000),460,35,225,200,240,80,5,0,10,60,0,0,85,240,80,115,25,10,5,52400,460,65,14,250,175,80,250,15,75,25,90,35,0,0,0,200000,218000,616,580
2445,24450100 (AD) (24450100) (00000),385,70,260,50,140,105,5,0,20,15,0,0,0,145,25,60,30,25,10,80000,385,45,10.8,140,105,40,140,20,35,30,45,0,0,0,10,250000,248000,720,800
2445,24450101 (AD) (24450101) (00000),360,50,230,75,165,120,5,15,10,20,0,0,0,165,60,65,20,20,10,63200,360,45,13.2,165,125,45,165,30,75,25,20,0,0,0,0,224000,220000,600,580
2445,24450102 (AD) (24450102) (00000),405,80,235,95,180,110,20,0,25,30,0,0,0,175,55,70,20,15,15,61200,405,45,11.2,185,100,85,185,20,80,40,35,0,0,0,0,220000,216000,730,680
2445,24450103 (AD) (24450103) (00000),415,80,255,80,170,140,5,0,15,5,0,0,0,170,35,75,20,30,10,68000,415,45,10,165,160,0,165,30,60,15,40,15,10,0,0,250000,244000,,
2445,24450104 (AD) (24450104) (00000),715,85,460,170,315,290,0,0,5,20,0,0,5,315,80,145,45,35,15,93000,715,50,7.2,305,260,45,305,35,100,45,45,20,20,10,25,314000,384000,810,840
2445,24450116 (AD) (24450116) (00000),645,85,400,160,280,260,0,0,10,15,0,0,0,280,65,135,40,25,15,85000,645,55,8.8,265,235,25,265,20,55,45,55,35,10,35,10,360000,432000,,1200
2445,24450118 (AD) (24450118) (00000),750,75,455,225,350,340,0,0,5,0,0,5,0,355,95,175,35,40,5,102000,745,50,6.6,345,305,40,345,10,145,80,30,35,20,20,10,400000,540000,940,900
2445,24450119 (AD) (24450119) (00000),1405,265,870,270,570,460,10,0,10,85,0,5,0,570,140,240,60,75,55,98000,1400,120,8.6,570,505,65,570,35,85,65,95,70,80,95,50,400000,462000,1040,880
2445,24450120 (AD) (24450120) (00000),765,90,425,255,355,335,5,0,5,5,0,0,0,350,90,180,30,35,15,91000,765,45,6.4,360,305,55,360,25,135,40,40,40,40,25,10,400000,396000,870,960
2445,24450121 (AD) (24450121) (00000),1270,80,585,605,735,195,10,20,0,475,35,0,0,735,330,325,35,30,10,72500,1265,135,10.6,700,525,175,700,40,30,210,150,150,30,25,70,400000,420000,900,940
2445,24450122 (AD) (24450122) (00000),1345,85,555,700,715,65,5,30,15,600,0,0,5,715,340,300,50,20,10,58800,1200,155,13,710,345,365,710,35,80,105,80,110,170,85,50,280000,298000,820,916
2445,24450123 (AD) (24450123) (00000),455,75,255,130,215,135,25,0,20,35,0,0,0,215,75,90,20,25,10,72500,455,35,7.6,220,180,40,220,25,45,75,35,20,15,0,0,250000,274000,820,960
2445,24450124 (AD) (24450124) (00909),355,50,110,200,145,25,0,0,5,110,0,0,0,145,95,35,10,5,5,,,,,150,30,115,150,30,40,35,25,0,0,0,0,,240000,608,590
2445,24450125 (AD) (24450125) (00000),420,50,215,155,230,75,15,5,35,90,0,10,0,230,130,65,20,10,10,45600,400,65,17,230,90,135,230,135,55,20,10,0,0,0,10,300000,330000,665,740
2445,24450126 (AD) (24450126) (00000),525,45,310,165,320,55,0,40,35,150,0,35,0,320,180,105,20,10,5,47600,520,120,23.6,330,130,195,330,160,30,35,20,0,10,55,10,300000,345000,556,640
2445,24450127 (AD) (24450127) (00000),560,80,290,195,295,60,5,150,30,40,0,0,0,295,115,120,35,15,10,59200,560,55,9.6,310,105,205,310,20,10,35,30,85,80,20,15,246000,272000,820,880
2445,24450128 (AD) (24450128) (00000),495,60,230,210,210,195,0,0,10,0,0,0,0,210,35,120,20,20,15,90000,495,20,4.4,210,205,10,210,25,115,20,20,10,15,10,0,324000,344000,,
2445,24450129 (AD) (24450129) (00000),800,150,470,180,360,175,0,15,15,150,0,0,0,365,110,150,50,40,20,72000,800,95,11.8,370,230,145,370,30,75,50,30,55,80,45,0,300000,332000,750,860
2445,24450130 (AD) (24450130) (00000),495,70,325,95,240,120,20,0,40,55,0,5,0,240,90,90,25,30,5,66500,495,65,12.8,250,165,80,250,45,70,45,30,25,15,15,0,250000,262000,705,740
2445,24450131 (AD) (24450131) (00000),490,85,280,115,195,140,15,0,30,10,0,0,0,195,40,85,25,30,15,76000,490,40,8.8,210,165,40,210,45,115,30,15,0,0,0,0,250000,244000,650,720
2445,24450132 (AD) (24450132) (00000),745,100,405,245,370,125,0,0,65,180,0,0,0,370,195,115,25,20,10,44800,645,160,24.4,350,100,250,350,80,75,30,10,15,20,25,90,286000,268000,695,765
2445,24450154 (AD) (24450154) (00000),670,50,360,255,330,310,5,0,0,5,0,5,0,325,90,175,25,25,10,118000,665,50,7.8,335,315,25,335,55,55,95,40,50,20,0,15,650000,900000,,1500
2445,24450155 (AD) (24450155) (00010),955,110,565,280,465,450,5,0,0,0,0,0,0,460,140,235,35,30,15,73500,950,105,11,430,405,25,430,35,145,75,55,65,25,10,25,300000,358000,,400
2445,24450156 (AD) (24450156) (00000),1245,270,750,220,535,230,125,0,25,160,0,0,0,535,170,190,70,70,40,84000,1245,55,4.6,540,420,115,540,15,20,30,50,45,160,175,50,268000,302000,920,960
2445,24450157 (AD) (24450157) (00000),415,65,240,115,180,165,0,0,5,5,0,0,0,180,50,80,25,15,10,72500,410,50,12,185,160,25,185,35,70,40,15,0,10,10,0,260000,330000,,850
2445,24450142 (AD) (24450142) (01999),45,0,15,25,5,5,0,0,0,0,0,0,0,5,0,5,0,0,0,,,,,,,,,,,,,,,,,,,,
2445,24450133 (AD) (24450133) (00000),1090,95,645,345,550,535,0,0,5,5,0,5,10,555,175,285,50,25,15,87000,1090,75,7.2,580,550,30,580,40,160,90,65,55,60,45,60,400000,436000,,560
2445,24450141 (AD) (24450141) (01010),660,50,410,195,315,300,5,0,5,5,0,0,0,315,80,170,25,25,10,84000,660,55,8.8,290,230,60,290,70,90,15,35,10,25,15,25,400000,765000,576,780
2445,24450134 (AD) (24450134) (00000),655,85,375,195,315,275,5,0,5,15,0,5,0,315,95,145,35,30,5,74000,655,90,13.4,340,285,50,340,75,80,35,40,35,40,15,20,320000,348000,735,800
2445,24450135 (AD) (24450135) (00000),765,75,465,230,385,335,5,0,25,20,0,0,0,380,125,185,35,25,15,93000,765,60,8,385,325,60,385,35,75,35,20,30,60,45,90,400000,460000,950,1080
2445,24450136 (AD) (24450136) (00010),855,95,490,270,395,385,0,0,0,0,0,5,0,400,90,215,45,25,15,92000,855,60,7.2,370,325,40,370,45,75,30,10,35,75,35,60,420000,472000,730,1000
2445,24450140 (AD) (24450140) (00000),1105,110,640,365,560,540,5,5,5,0,0,0,0,560,180,275,50,40,15,70500,1105,140,12.4,560,500,55,560,120,105,60,65,60,70,30,55,380000,424000,274,390
2445,24450139 (AD) (24450139) (00020),815,75,475,270,415,405,0,0,0,0,0,5,0,410,135,215,35,25,5,79000,815,95,11.8,420,380,40,420,90,55,50,60,35,35,55,45,348000,390000,645,520
2445,24450137 (AD) (24450137) (00000),720,110,435,175,330,325,5,0,5,0,0,0,0,330,95,155,35,30,15,77500,720,85,11.6,335,325,10,335,50,55,50,60,25,30,40,25,300000,348000,,
2445,24450138 (AD) (24450138) (00010),420,70,265,90,185,170,0,0,5,5,0,0,0,180,45,90,15,15,20,69000,420,85,19.6,180,135,40,180,70,45,20,20,10,0,0,0,200000,330000,620,720
2445,24450076 (AD) (24450076) (00000),1170,115,730,325,575,560,0,0,5,0,5,0,0,575,185,265,65,50,15,91000,1165,105,9.2,560,545,20,560,45,145,75,70,70,70,45,45,476000,566000,,1200
2445,24450077 (AD) (24450077) (00000),1090,130,685,270,550,465,35,35,5,10,0,0,0,550,195,245,50,45,15,91000,1090,75,7,550,495,55,550,35,170,60,65,75,50,75,25,376000,388000,1000,1040
2445,24450078 (AD) (24450078) (00000),1265,265,775,225,520,420,20,10,20,50,0,0,0,520,130,205,70,85,35,94000,1260,80,6.2,535,470,65,535,30,70,70,55,50,70,85,105,380000,420000,1000,1240
2445,24450079 (AD) (24450079) (00000),1490,280,925,285,600,485,70,25,5,20,0,0,0,600,140,250,70,100,40,119000,1485,85,5.7,600,585,20,600,35,65,105,50,85,105,90,75,448000,476000,,1600
